Id,First_Name,Last_Name,Email,City,Street,Country,Currency,DUNS,Address,Phone,Country Code,Gender,Language,Company
1,Harlene,Haldene,hhaldene0@irs.gov,Limoges,Meadow Ridge,France,Euro,02-251-5692,1 Lakewood Gardens Park,688-228-4867,FR,Female,Dari,Fivespan
2,Whitaker,Crace,wcrace1@patch.com,Lantapan,Dakota,Philippines,Peso,98-996-7137,620 Heath Circle,569-687-3559,PH,Male,Romanian,Yakitri
3,Maury,Windram,mwindram2@baidu.com,Pasarkolot,Loomis,Indonesia,Rupiah,26-273-5911,30 Scofield Court,459-885-0620,ID,Non-binary,Mongolian,Linkbridge
4,Eugenio,Matushenko,ematushenko3@globo.com,Chigorodó,Chinook,Colombia,Peso,50-502-6831,519 Southridge Place,559-981-9098,CO,Male,Estonian,Skynoodle
5,Josselyn,Fassbindler,jfassbindler4@msn.com,Madrid,2nd,Spain,Euro,90-443-1678,54443 Gulseth Trail,845-508-3176,ES,Polygender,Tok Pisin,Twimbo
6,Clarabelle,Marryatt,cmarryatt5@sun.com,Longcheng,Sunnyside,China,Yuan Renminbi,83-324-5836,840 Kim Avenue,605-784-9445,CN,Female,Lao,Camimbo
7,Isadore,Jelf,ijelf6@disqus.com,Toledo,Crest Line,United States,Dollar,77-057-8139,231 Bowman Street,419-127-2818,US,Male,Norwegian,Agimba
8,Emili,Marney,emarney7@cnet.com,Hetang,Kim,China,Yuan Renminbi,05-654-5669,883 Eggendart Pass,546-181-1027,CN,Female,Hindi,Dynazzy
9,Avery,Riccioppo,ariccioppo8@yale.edu,Kambar,Everett,Pakistan,Rupee,92-978-2032,84746 Schiller Avenue,312-313-0397,PK,Male,Greek,Browseblab
10,Leela,Djuricic,ldjuricic9@acquirethisname.com,Cikuya,Packers,Indonesia,Rupiah,02-598-9117,25 Summit Hill,922-421-1582,ID,Female,Tswana,Jaxspan
11,Rhoda,Brandle,rbrandlea@reverbnation.com,San Remigio,Redwing,Philippines,Peso,68-392-3962,15198 Rockefeller Parkway,959-651-5031,PH,Female,Armenian,Skidoo
12,Ashla,Titheridge,atitheridgeb@disqus.com,Thoen,Harbort,Thailand,Baht,95-499-5277,45574 Ridge Oak Avenue,624-689-5991,TH,Female,Romanian,Roombo
13,Cherin,Ivchenko,civchenkoc@who.int,Tucaní,Reindahl,Venezuela,Bolivar,73-453-1362,304 Golf Course Park,851-426-4328,VE,Female,Dzongkha,LiveZ
14,Jamaal,Billing,jbillingd@mac.com,Cartagena,Del Mar,Philippines,Peso,16-400-4388,60 Lawn Crossing,791-308-3115,PH,Agender,Tswana,Demizz
15,Hanny,Dishman,hdishmane@cisco.com,Jambeyan,Maple,Indonesia,Rupiah,27-321-4728,5 Rutledge Center,565-442-6615,ID,Genderfluid,Guaraní,Kazio
16,Tremayne,Trew,ttrewf@walmart.com,Siso,Sunfield,Indonesia,Rupiah,88-288-9928,08 Del Sol Road,138-820-0189,ID,Male,Oriya,Voonix
17,Adelle,Banasiak,abanasiakg@skyrock.com,El Rancho,Banding,Honduras,Lempira,29-343-4580,6864 Tony Terrace,941-868-5909,HN,Female,Bislama,Oba
18,Dorie,Quernel,dquernelh@w3.org,Benito Juarez,Evergreen,Mexico,Peso,38-242-3680,344 Florence Avenue,772-588-6333,MX,Male,Croatian,Skivee
19,Bambi,Damerell,bdamerelli@lycos.com,Petersfield,Bowman,Jamaica,Dollar,75-700-3953,5 Buhler Avenue,387-677-0088,JM,Genderfluid,New Zealand Sign Language,Cogidoo
20,Iago,Laurenz,ilaurenzj@pagesperso-orange.fr,Horana South,Holy Cross,Sri Lanka,Rupee,91-813-5115,5966 Union Park,327-372-2046,LK,Male,Montenegrin,Yombu
21,Tiffie,Kleinstein,tkleinsteink@facebook.com,Voskop,Fallview,Albania,Lek,16-716-1120,41 Pearson Plaza,861-399-1711,AL,Female,Assamese,Oba
22,Kain,Moulster,kmoulsterl@dedecms.com,Hualian,Lyons,Taiwan,Dollar,01-701-5720,9769 Anthes Pass,204-226-4848,TW,Male,Filipino,Twitterbeat
23,Dniren,Lavielle,dlaviellem@buzzfeed.com,Celorico de Basto,Gina,Portugal,Euro,91-275-1969,19 Superior Way,415-814-7457,PT,Female,Bosnian,Shufflebeat
24,Eve,Yabsley,eyabsleyn@cbc.ca,Annecy,Kedzie,France,Euro,17-116-7966,30252 Shoshone Lane,619-260-9104,FR,Non-binary,Azeri,Lazz
25,Jody,Lody,jlodyo@studiopress.com,Cirangga Kidul,Eliot,Indonesia,Rupiah,81-110-3012,67755 Judy Pass,994-136-0869,ID,Male,Irish Gaelic,Babbleblab
26,Rowena,Kindall,rkindallp@patch.com,Ikedachō,Nelson,Japan,Yen,67-703-7460,503 Ohio Plaza,161-934-3455,JP,Female,Mongolian,Tagfeed
27,Rosemarie,Oswald,roswaldq@infoseek.co.jp,Stockholm,Gulseth,Sweden,Krona,97-382-4495,80066 Surrey Lane,875-483-3885,SE,Female,Danish,Flipbug
28,Klarrisa,Holywell,kholywellr@delicious.com,Santiago de los Caballeros,Bashford,Dominican Republic,Peso,20-446-6364,924 Buell Center,215-317-4166,DO,Female,Korean,Roodel
29,Arlina,Addess,aaddesss@mozilla.org,Trindade,Onsgard,Brazil,Real,01-728-0264,55 Melrose Crossing,983-991-8284,BR,Female,Italian,Viva
30,Ericka,Goodey,egoodeyt@boston.com,Sanlicheng,Village,China,Yuan Renminbi,94-757-8498,91 Forest Run Lane,523-761-8787,CN,Female,Belarusian,Devcast
31,Trixie,Balnave,tbalnaveu@mayoclinic.com,Bell Ville,Judy,Argentina,Peso,74-664-3463,4723 Loeprich Point,835-567-3181,AR,Female,Lao,Fadeo
32,Randy,Vondruska,rvondruskav@oakley.com,Hengfeng,Mallory,China,Yuan Renminbi,81-528-9537,92822 Trailsway Avenue,344-594-7510,CN,Male,Gujarati,Yoveo
33,Jonis,Cattanach,jcattanachw@ucla.edu,Novoanninskiy,Brown,Russia,Ruble,54-147-8839,0998 Sachs Trail,324-329-6190,RU,Agender,Lao,Mydo
34,Lind,Baume,lbaumex@vistaprint.com,Várzea,Center,Portugal,Euro,25-464-3020,46 Schurz Point,307-232-6016,PT,Male,Hebrew,Mita
35,Ingmar,McMearty,imcmeartyy@desdev.cn,Samayac,Tennyson,Guatemala,Quetzal,75-961-3627,81 Steensland Pass,788-391-8763,GT,Male,Guaraní,Devpoint
36,Avram,Lyver,alyverz@ycombinator.com,Ancol,Chive,Indonesia,Rupiah,80-157-2571,96 La Follette Terrace,850-428-5305,ID,Bigender,Ndebele,Zoonder
37,Orlando,Dunwoody,odunwoody10@blinklist.com,As Sūq al Jadīd,Hansons,Yemen,Rial,41-752-7729,53555 Macpherson Junction,153-744-5523,YE,Genderfluid,Yiddish,Ntag
38,Hannie,Oloman,holoman11@buzzfeed.com,Battung,Miller,Philippines,Peso,06-845-3802,90 Shoshone Crossing,457-412-9134,PH,Female,Filipino,Trunyx
39,Dulcy,Fisby,dfisby12@arizona.edu,Uitiuhtuan,Vidon,Indonesia,Rupiah,48-405-5380,01 New Castle Avenue,355-367-8724,ID,Female,Hungarian,Thoughtworks
40,Feliza,Claricoats,fclaricoats13@feedburner.com,Subrag,Londonderry,China,Yuan Renminbi,31-265-5432,8 Basil Center,901-413-8847,CN,Female,Polish,Blogspan
41,Job,Dann,jdann14@smugmug.com,Dongsheng,Service,China,Yuan Renminbi,77-807-0241,275 Cottonwood Court,462-511-0951,CN,Male,Mongolian,Zoomzone
42,Orlan,Alflat,oalflat15@about.me,Songping,Hermina,China,Yuan Renminbi,01-049-4684,94 Village Green Place,690-596-6244,CN,Male,Malayalam,Bluezoom
43,Mikel,Wooffinden,mwooffinden16@adobe.com,Dongjiang Matoukou,Old Shore,China,Yuan Renminbi,10-074-2614,0278 Main Street,903-624-6026,CN,Male,Sotho,Rhyzio
44,Ossie,Abramcik,oabramcik17@sohu.com,Américo Brasiliense,Dovetail,Brazil,Real,35-817-4737,329 Everett Lane,446-591-9182,BR,Male,Hiri Motu,Yakijo
45,Shelby,Brangan,sbrangan18@examiner.com,Shuitian,Elka,China,Yuan Renminbi,71-827-9046,314 Ryan Center,929-111-7933,CN,Male,Korean,Omba
46,Garvin,Okenfold,gokenfold19@nasa.gov,Alkmaar,Tennyson,Netherlands,Euro,85-839-9235,4730 Becker Trail,676-725-9576,NL,Male,Luxembourgish,Meevee
47,Early,Moscone,emoscone1a@google.com.hk,Višňova,Elgar,Czech Republic,Koruna,91-747-0934,96285 Ronald Regan Court,340-662-9625,CZ,Male,Malayalam,Meembee
48,Tabbatha,Andrzejak,tandrzejak1b@biglobe.ne.jp,Vakhrushi,Steensland,Russia,Ruble,15-884-9606,22953 East Terrace,561-433-4414,RU,Genderfluid,English,Kwilith
49,Rhys,Blewmen,rblewmen1c@networksolutions.com,Cascavel,Golf,Brazil,Real,35-261-7160,32413 Heath Court,614-916-6291,BR,Male,Quechua,Ooba
50,Brion,Steart,bsteart1d@phpbb.com,Rumat Heib,Dennis,Israel,Shekel,35-776-2749,94 Mccormick Terrace,201-195-4261,IL,Male,Persian,Eadel
51,Tori,Mash,tmash1e@squidoo.com,São Francisco do Sul,Hanover,Brazil,Real,42-298-5570,0 Blaine Center,245-128-8106,BR,Female,Kashmiri,Devify
52,Rita,Edgehill,redgehill1f@washington.edu,General Vedia,Aberg,Argentina,Peso,22-098-2691,19816 Sutherland Road,855-467-7748,AR,Female,Malay,Topicstorm
53,Herb,Bartoleyn,hbartoleyn1g@dropbox.com,Vogan,Valley Edge,Togo,Franc,94-288-3559,46158 Holmberg Crossing,368-884-0607,TG,Male,Māori,Bluejam
54,Gladys,Szreter,gszreter1h@alexa.com,Boyarka,Drewry,Ukraine,Hryvnia,90-916-5833,052 Artisan Lane,464-997-6665,UA,Female,Kashmiri,Rhybox
55,De,Bitcheno,dbitcheno1i@list-manage.com,Lanzhong,Farwell,China,Yuan Renminbi,47-982-9779,5935 Haas Terrace,208-544-4657,CN,Female,Greek,Eayo
56,Hamil,McFadzean,hmcfadzean1j@biglobe.ne.jp,Enrekang,Pine View,Indonesia,Rupiah,06-781-4444,77348 Anzinger Trail,831-965-5176,ID,Male,Fijian,Trupe
57,Ingrim,Van der Velde,ivandervelde1k@timesonline.co.uk,Zhouling,Basil,China,Yuan Renminbi,45-068-6383,986 Bunting Point,745-988-5547,CN,Male,Japanese,Brainbox
58,Brigida,Ranfield,branfield1l@artisteer.com,Salt Lake City,Wayridge,United States,Dollar,32-105-3973,9 Continental Center,801-585-6217,US,Female,Fijian,Camido
59,Glendon,Zumbusch,gzumbusch1m@virginia.edu,Malawa,Kings,Philippines,Peso,56-650-4236,3657 Carberry Hill,988-805-4860,PH,Male,Latvian,Meemm
60,Lindsey,Linscott,llinscott1n@wikispaces.com,Bužim,Cottonwood,Bosnia and Herzegovina,Marka,89-462-5125,13 Rutledge Plaza,891-470-6145,BA,Male,Portuguese,DabZ
61,Renelle,Jeremiah,rjeremiah1o@domainmarket.com,Achiaman,Main,Ghana,Cedi,68-466-7592,591 Ridgeview Trail,483-703-3300,GH,Female,Quechua,Camido
62,Evered,Ivchenko,eivchenko1p@indiatimes.com,Gampang,Northland,Indonesia,Rupiah,11-481-7547,5304 Eastwood Circle,766-644-9005,ID,Male,Yiddish,Quatz
63,Horst,Villar,hvillar1q@miibeian.gov.cn,Daugavpils,Village Green,Latvia,Euro,19-270-4967,11442 Graedel Alley,166-370-4125,LV,Male,Lithuanian,Voonix
64,Idalia,Stitch,istitch1r@slashdot.org,Pedinó,Orin,Greece,Euro,63-681-1589,690 Fallview Lane,432-847-9234,GR,Genderqueer,Kannada,Kare
65,Eimile,Roussel,eroussel1s@photobucket.com,Toulouse,Meadow Vale,France,Euro,71-525-4526,45 Bluejay Road,164-445-1377,FR,Female,Māori,Bluejam
66,Delmer,Bastow,dbastow1t@ox.ac.uk,Āsasa,Boyd,Ethiopia,Birr,11-579-5583,6 Butterfield Park,747-350-0091,ET,Male,Latvian,Leexo
67,Alanah,Kennsley,akennsley1u@clickbank.net,Mýto,Namekagon,Czech Republic,Koruna,04-572-5726,1771 Pleasure Road,308-475-1363,CZ,Female,Danish,Zooveo
68,Arda,O'Lunny,aolunny1v@mtv.com,Ḑawrān ad Daydah,Russell,Yemen,Rial,63-219-8499,92587 Shasta Center,498-346-6198,YE,Polygender,Somali,Shuffledrive
69,Fidelio,Shreeves,fshreeves1w@constantcontact.com,Huddinge,Derek,Sweden,Krona,59-226-2129,50 Atwood Parkway,323-372-7536,SE,Male,Filipino,Jaloo
70,Ronnica,Booty,rbooty1x@vk.com,Terter,Schlimgen,Azerbaijan,Manat,82-606-4129,22501 Hoffman Avenue,465-433-2369,AZ,Female,Afrikaans,Realcube
71,Bertine,Amoore,bamoore1y@ask.com,Balong Wetan,Anderson,Indonesia,Rupiah,56-261-6808,4198 Lillian Parkway,701-405-0433,ID,Female,Belarusian,Wikivu
72,Rossie,Gumm,rgumm1z@networkadvertising.org,Cafayate,Logan,Argentina,Peso,55-703-0457,52216 Sugar Parkway,851-938-2892,AR,Male,Dzongkha,Cogidoo
73,Eugen,Ratnage,eratnage20@t.co,Bagombong,Donald,Philippines,Peso,25-999-0043,59943 1st Circle,712-620-3422,PH,Genderqueer,Fijian,Gigabox
74,Ellswerth,Lammerding,elammerding21@taobao.com,Phitsanulok,Buena Vista,Thailand,Baht,03-331-8943,732 Dayton Road,309-934-4264,TH,Male,Gujarati,Yakidoo
75,Sybila,Gyves,sgyves22@weibo.com,Maqbanah,Katie,Yemen,Rial,18-846-9009,76 Esker Court,419-459-8037,YE,Agender,Ndebele,Meembee
76,Padgett,Elwell,pelwell23@woothemes.com,El Sombrero,Autumn Leaf,Venezuela,Bolivar,22-341-2801,3 Clarendon Center,278-779-4317,VE,Male,Aymara,Oyonder
77,Malvin,Burgill,mburgill24@army.mil,Barbalha,Esker,Brazil,Real,72-822-0015,01351 East Pass,593-739-8126,BR,Male,English,Voomm
78,Page,Stockill,pstockill25@hubpages.com,Gjegjan,Sloan,Albania,Lek,87-793-1623,6135 Bluestem Crossing,943-442-2343,AL,Male,Tajik,Devbug
79,Sheppard,Wilkennson,swilkennson26@stumbleupon.com,Frankfort,Elmside,United States,Dollar,46-396-1942,9374 Scott Drive,502-748-7565,US,Male,Swedish,Quinu
80,Roch,McKenzie,rmckenzie27@cyberchimps.com,Xinchengzi,Fairview,China,Yuan Renminbi,09-277-8512,0 Blackbird Parkway,760-251-7558,CN,Female,Montenegrin,Flashdog
81,Gallard,Ramshaw,gramshaw28@plala.or.jp,Arles,Corscot,France,Euro,16-137-1157,51119 Valley Edge Road,415-962-5762,FR,Male,Zulu,Oyoba
82,Antonio,Mearing,amearing29@hhs.gov,Sâmraông,Debs,Cambodia,Riels,38-258-2401,19001 Coolidge Crossing,315-443-0327,KH,Bigender,Aymara,Zava
83,Gaynor,Boyson,gboyson2a@answers.com,Ševica,School,Serbia,Dinar,74-341-2969,4963 Westport Lane,816-662-8432,RS,Female,New Zealand Sign Language,Gigazoom
84,Lemar,Tatum,ltatum2b@dot.gov,Santo António da Charneca,Farragut,Portugal,Euro,19-540-9548,16 Green Junction,262-993-2171,PT,Male,Chinese,Blogpad
85,Shaylynn,Jenckes,sjenckes2c@ted.com,Saint-Tite,Cherokee,Canada,Dollar,72-523-8562,7 Reinke Road,318-590-8447,CA,Female,Chinese,Edgepulse
86,Kelley,Korneichuk,kkorneichuk2d@yahoo.com,Milano,Superior,Italy,Euro,16-403-6213,65 Dakota Alley,447-315-0803,IT,Female,Norwegian,Aimbo
87,Chane,Ellul,cellul2e@flavors.me,Qingshui,Onsgard,China,Yuan Renminbi,44-880-7145,996 Sheridan Drive,716-681-7112,CN,Male,Tamil,Skinte
88,Brenna,Trigg,btrigg2f@mashable.com,Yefimovskiy,Goodland,Russia,Ruble,31-364-1457,6 Caliangt Avenue,515-580-7242,RU,Female,Quechua,Rhyzio
89,Saleem,Watt,swatt2g@de.vu,Santos,Florence,Brazil,Real,10-574-2099,94326 Dapin Center,254-469-8960,BR,Male,Hindi,Voonix
90,Eduardo,Gleasane,egleasane2h@cisco.com,Panambi,Brickson Park,Brazil,Real,39-080-7734,81 Kennedy Center,416-132-7581,BR,Male,Chinese,Kamba
91,Laurent,Wozencroft,lwozencroft2i@columbia.edu,Huwan,Forest Run,China,Yuan Renminbi,59-760-7413,2 Manufacturers Hill,377-196-4445,CN,Male,Māori,Kaymbo
92,Joanie,Daskiewicz,jdaskiewicz2j@weebly.com,Kant,Towne,Kyrgyzstan,Som,26-803-1171,987 Iowa Alley,174-408-1370,KG,Female,Bosnian,Yabox
93,Ephrayim,Bullick,ebullick2k@ow.ly,Jawand,School,Afghanistan,Afghani,27-057-9959,058 Tennyson Hill,518-861-5227,AF,Male,Mongolian,Rhybox
94,Lyell,Ajam,lajam2l@so-net.ne.jp,Krajan Suko Kidul,Manley,Indonesia,Rupiah,22-851-5334,98385 Scott Trail,799-936-1577,ID,Male,Malayalam,Zooveo
95,Felicia,Chessman,fchessman2m@netscape.com,Baisha,Forest Dale,China,Yuan Renminbi,72-438-3775,42722 Fordem Hill,200-291-7227,CN,Female,German,Tagchat
96,Tyson,Mc Comb,tmccomb2n@xing.com,Kibingo,Nevada,Uganda,Shilling,20-086-7023,3 Transport Road,205-300-7317,UG,Male,Swati,Zoomzone
97,Karole,Bruckmann,kbruckmann2o@boston.com,San José de Miranda,Delladonna,Colombia,Peso,17-578-6960,68859 Elgar Avenue,106-521-1839,CO,Female,Tajik,Midel
98,Rodney,Mabbs,rmabbs2p@mlb.com,Baizhifang,Barnett,China,Yuan Renminbi,80-471-1442,9 Hermina Park,162-423-5539,CN,Male,Guaraní,Topdrive
99,Janna,Brandone,jbrandone2q@linkedin.com,Besançon,Elgar,France,Euro,45-147-6039,017 Rieder Pass,413-788-5134,FR,Female,Czech,Gabcube
100,Lynn,Ahrenius,lahrenius2r@ed.gov,Varadero,Sunbrook,Cuba,Peso,22-574-2794,9006 Havey Pass,727-939-3941,CU,Female,Malay,Wikido
101,Courtnay,Crotty,ccrotty2s@wp.com,Nanxing,Oriole,China,Yuan Renminbi,05-886-5259,96 Pine View Pass,857-459-8421,CN,Male,Dari,Gevee
102,Marrilee,Scadden,mscadden2t@google.fr,Sarāqib,Colorado,Syria,Pound,81-959-5955,531 Talisman Way,520-762-3969,SY,Female,Dari,Thoughtstorm
103,Alvy,Studdeard,astuddeard2u@eepurl.com,Nagykanizsa,Randy,Hungary,Forint,93-709-3698,87 Mayfield Parkway,390-318-1648,HU,Male,Zulu,Thoughtmix
104,Ring,Bateson,rbateson2v@narod.ru,Tozkhurmato,Mayer,Iraq,Dinar,53-822-1823,103 Pennsylvania Terrace,772-392-3497,IQ,Non-binary,Tamil,Linkbridge
105,Benita,Mitrovic,bmitrovic2w@vk.com,Drayton Valley,Michigan,Canada,Dollar,07-725-4628,007 Norway Maple Lane,738-143-4712,CA,Female,Quechua,Realbuzz
106,Mateo,Rawstron,mrawstron2x@jimdo.com,Pu’an,Dunning,China,Yuan Renminbi,12-532-3725,63090 Walton Alley,577-547-5669,CN,Non-binary,Tok Pisin,Twinte
107,Gery,Scorer,gscorer2y@oaic.gov.au,Wañgan,Maywood,Philippines,Peso,93-661-4557,758 Crest Line Alley,215-719-3504,PH,Male,Romanian,Skaboo
108,Waring,Treadgold,wtreadgold2z@pcworld.com,Suwaduk,Evergreen,Indonesia,Rupiah,76-275-6540,42 Hermina Point,956-865-9572,ID,Male,Estonian,Shufflebeat
109,Clayson,Holborn,cholborn30@nytimes.com,Utrecht,Continental,South Africa,Rand,87-497-3762,1 Manley Alley,895-277-8172,ZA,Male,Czech,Fiveclub
110,Oberon,Stuckford,ostuckford31@un.org,Bébédja,Muir,Chad,Franc,15-048-3322,868 Moland Parkway,727-229-9548,TD,Male,Burmese,Centizu
111,Randy,Schollar,rschollar32@about.me,Oesena,Lake View,Indonesia,Rupiah,61-267-6671,506 Warbler Lane,566-691-4448,ID,Female,New Zealand Sign Language,Bluezoom
112,Antoinette,Moohan,amoohan33@ihg.com,La Molina,Carey,Peru,Sol,23-858-0937,7390 Quincy Trail,318-233-7846,PE,Female,Swati,Youspan
113,Andrus,Wickey,awickey34@ibm.com,Lederaba,Novick,Indonesia,Rupiah,94-263-5852,562 Valley Edge Alley,120-129-1668,ID,Male,Kyrgyz,Realbridge
114,Danyette,Ferrieri,dferrieri35@mail.ru,Ichinomiya,Grasskamp,Japan,Yen,03-793-9494,841 Veith Street,898-427-3022,JP,Female,Bulgarian,Voolia
115,Bibi,Ollin,bollin36@tamu.edu,Tipaz,Forest,Philippines,Peso,03-475-5463,1 Mockingbird Plaza,785-231-6734,PH,Female,Telugu,Oyonder
116,Dexter,Licciardi,dlicciardi37@craigslist.org,Bršadin,Huxley,Croatia,Kuna,02-354-8815,0 Nancy Crossing,993-671-9947,HR,Male,Punjabi,Voomm
117,Renado,Blevin,rblevin38@cocolog-nifty.com,Yuzhai,Charing Cross,China,Yuan Renminbi,92-449-7301,74 Burrows Place,818-441-7636,CN,Male,Moldovan,Demimbu
118,Karine,Dewhirst,kdewhirst39@alibaba.com,Nhà Bàng,Talmadge,Vietnam,Dong,17-739-5737,8 Fairview Way,207-881-3305,VN,Female,Dutch,Voolith
119,Patience,Lacelett,placelett3a@sfgate.com,Canta,Red Cloud,Peru,Sol,96-622-7755,9 Lerdahl Park,840-611-0914,PE,Female,Bulgarian,Quamba
120,Bradan,Samuel,bsamuel3b@acquirethisname.com,Laojiangjunjie,Starling,China,Yuan Renminbi,16-144-8528,6 Melody Terrace,261-219-0774,CN,Male,Kashmiri,Meeveo
121,Burl,Devenish,bdevenish3c@paginegialle.it,Suyang,Troy,China,Yuan Renminbi,84-501-1947,03 Schmedeman Road,667-219-7655,CN,Male,Thai,Leexo
122,Tudor,O'Dowling,todowling3d@omniture.com,Padangcermin,Farmco,Indonesia,Rupiah,64-064-2023,66572 Farwell Pass,366-776-3462,ID,Male,Thai,Devshare
123,Shayna,MacEnelly,smacenelly3e@unicef.org,Tanjung Raja,Hoepker,Indonesia,Rupiah,83-681-0494,49673 Union Park,338-938-9910,ID,Female,Guaraní,Demimbu
124,Hollie,Vassall,hvassall3f@epa.gov,Tauca,Hollow Ridge,Peru,Sol,05-292-5626,588 Little Fleur Point,378-907-7285,PE,Genderqueer,Moldovan,Minyx
125,Bryna,Jacox,bjacox3g@nytimes.com,Ujazd,Transport,Poland,Zloty,74-176-4870,612 Larry Park,405-117-5487,PL,Female,Belarusian,Centimia
126,Jess,Beville,jbeville3h@weather.com,Zagreb - Centar,Jana,Croatia,Kuna,75-858-6646,4 Derek Place,388-397-8447,HR,Female,New Zealand Sign Language,Oloo
127,Annabal,Dulson,adulson3i@yahoo.com,Datun,New Castle,China,Yuan Renminbi,91-185-9077,4 Bunting Parkway,268-113-8265,CN,Female,Finnish,Linktype
128,Patricia,Robrow,probrow3j@jigsy.com,Kauswagan,5th,Philippines,Peso,08-626-3165,7499 Rusk Street,255-238-2884,PH,Female,Finnish,Rhynoodle
129,Camel,Durno,cdurno3k@icq.com,Linmansangan,Doe Crossing,Philippines,Peso,86-101-0237,04 Meadow Ridge Lane,177-592-1185,PH,Female,Yiddish,Meejo
130,Hamid,Rooke,hrooke3l@ucsd.edu,Vratsa,Merrick,Bulgaria,Lev,94-200-2216,41450 Merry Street,387-627-2995,BG,Male,Polish,Rhyzio
131,Doralyn,Firmin,dfirmin3m@wordpress.com,Alegrete,Stoughton,Brazil,Real,29-998-2478,8 Sullivan Terrace,779-629-8865,BR,Female,Polish,Realpoint
132,Rowland,Burdess,rburdess3n@telegraph.co.uk,Əhmədbəyli,Corben,Azerbaijan,Manat,36-551-7628,85 Drewry Center,916-644-7822,AZ,Male,New Zealand Sign Language,Izio
133,Marilin,Hanny,mhanny3o@homestead.com,Mancha Khiri,Hoepker,Thailand,Baht,72-089-3942,19204 Moulton Place,527-514-0795,TH,Female,Dari,Twitterworks
134,Chelsie,Fowle,cfowle3p@google.co.uk,Reykjanesbær,Manitowish,Iceland,Krona,50-140-2206,65456 Vahlen Hill,451-433-6444,IS,Female,Filipino,Roomm
135,Erastus,Dorney,edorney3q@oracle.com,Heshe,Sauthoff,China,Yuan Renminbi,93-990-6448,94 Center Road,463-997-2548,CN,Male,Hebrew,Tagcat
136,Nils,Lifsey,nlifsey3r@yolasite.com,Conceição do Jacuípe,Laurel,Brazil,Real,45-830-8243,62 Jenna Street,157-352-7029,BR,Male,Ndebele,Leenti
137,Gearard,Emson,gemson3s@icio.us,Victoria,Coleman,Argentina,Peso,55-487-2679,03766 Pine View Point,983-661-1527,AR,Male,Czech,Topdrive
138,Riobard,Caplen,rcaplen3t@google.com,Akita,Lawn,Japan,Yen,20-290-4815,9648 Schurz Terrace,132-770-7226,JP,Male,Estonian,Twimm
139,Trent,Mutch,tmutch3u@loc.gov,Chojnice,Butterfield,Poland,Zloty,63-728-1084,5302 Heath Plaza,857-864-1059,PL,Male,Marathi,Jatri
140,Filberte,Cossins,fcossins3v@un.org,Chernyshkovskiy,Summerview,Russia,Ruble,56-254-0950,129 Vermont Terrace,873-780-5390,RU,Male,Marathi,Bubblemix
141,Benjy,Soltan,bsoltan3w@woothemes.com,Ödeshög,La Follette,Sweden,Krona,54-868-5494,889 Nobel Parkway,253-393-7858,SE,Male,Hiri Motu,Eabox
142,Filmore,McAlinden,fmcalinden3x@exblog.jp,Antsohimbondrona,Petterle,Madagascar,Ariary,71-143-0610,69395 Helena Pass,562-694-6310,MG,Male,Portuguese,Quamba
143,Dud,Hollows,dhollows3y@mac.com,Sidi Smaïl,Shopko,Morocco,Dirham,58-267-7528,73557 Loftsgordon Junction,243-236-7071,MA,Male,West Frisian,Avamba
144,Heloise,Syplus,hsyplus3z@google.cn,Or Yehuda,American,Israel,Shekel,12-803-3040,2 Esch Alley,421-324-3437,IL,Female,Dhivehi,Fliptune
145,Cord,Pidgin,cpidgin40@yellowbook.com,Oebatu,Moose,Indonesia,Rupiah,10-889-0485,7331 Homewood Avenue,259-676-3360,ID,Male,Tajik,Flashspan
146,Basilius,Foye,bfoye41@a8.net,Aix-en-Provence,Bultman,France,Euro,85-980-6212,02568 Nova Street,557-903-2240,FR,Male,Portuguese,Browsetype
147,Odell,Hunnywell,ohunnywell42@zimbio.com,Ikšķile,Menomonie,Latvia,Euro,81-129-6316,4 Sunbrook Terrace,892-233-1357,LV,Male,Irish Gaelic,Gabvine
148,Halie,Couronne,hcouronne43@cdbaby.com,Hezhi,Sherman,China,Yuan Renminbi,86-942-2395,517 Meadow Valley Pass,196-570-7350,CN,Female,Estonian,Jayo
149,Baxie,Stammirs,bstammirs44@163.com,Limache,Namekagon,Chile,Peso,76-778-2632,61830 Kedzie Terrace,398-883-0074,CL,Male,Dari,Jaxspan
150,Jarret,Briton,jbriton45@1688.com,Lalagsan,Kim,Philippines,Peso,72-226-9720,8 Utah Park,108-201-8911,PH,Male,Romanian,Fivebridge
151,Zane,Deschlein,zdeschlein46@cyberchimps.com,Paris La Défense,Milwaukee,France,Euro,38-830-2971,292 Nova Alley,917-500-1713,FR,Male,Czech,Trudeo
152,Ofelia,Hourstan,ohourstan47@irs.gov,Stockholm,Talmadge,Sweden,Krona,75-101-8324,5 Corry Junction,112-770-2165,SE,Female,Lithuanian,Dablist
153,Hercule,Skillern,hskillern48@washington.edu,Akat Amnuai,Schlimgen,Thailand,Baht,41-067-9893,958 Bobwhite Point,722-796-3283,TH,Male,Ndebele,Jabberbean
154,Jarrid,Pudge,jpudge49@tumblr.com,Wu’erqihan,Goodland,China,Yuan Renminbi,46-559-0345,266 Oak Valley Plaza,360-270-3635,CN,Male,Dutch,Kazu
155,Lauree,Bisley,lbisley4a@nbcnews.com,Dodol,Fuller,Indonesia,Rupiah,08-424-8319,38129 Waywood Junction,259-166-5485,ID,Female,Armenian,Twinte
156,Sloan,Bromfield,sbromfield4b@devhub.com,Kinatakutan,Texas,Philippines,Peso,20-513-0765,31856 Glendale Junction,768-803-1484,PH,Male,Catalan,Bubbletube
157,Logan,Tonner,ltonner4c@phpbb.com,Lincha,Everett,Peru,Sol,32-409-4423,60283 Erie Crossing,757-850-9573,PE,Male,Oriya,Quimba
158,Cacilia,Kencott,ckencott4d@unblog.fr,Puwa,Prentice,China,Yuan Renminbi,12-784-0666,97 Claremont Center,361-303-9991,CN,Female,Persian,Realfire
159,Rosalie,Dawes,rdawes4e@epa.gov,Villejuif,Bowman,France,Euro,93-157-6996,10152 Onsgard Park,830-407-0728,FR,Female,Aymara,Realblab
160,Edita,Grattage,egrattage4f@washingtonpost.com,Gunungkencana,Forster,Indonesia,Rupiah,43-302-2606,22 Clarendon Circle,919-281-5750,ID,Female,Quechua,Zazio
161,Benedikt,Stickles,bstickles4g@omniture.com,Puksoozero,Maryland,Russia,Ruble,38-616-5203,7 Haas Lane,940-288-5527,RU,Male,Swati,Avamba
162,Omar,Fairham,ofairham4h@phpbb.com,Bularit,Jenifer,Philippines,Peso,99-330-1182,31570 Harbort Alley,232-960-0907,PH,Male,West Frisian,Roodel
163,Elberta,Foch,efoch4i@ucoz.ru,Želetava,Chinook,Czech Republic,Koruna,58-085-4890,2 Delladonna Road,123-729-8258,CZ,Female,French,Skimia
164,Tyne,MacDonnell,tmacdonnell4j@behance.net,Växjö,Holy Cross,Sweden,Krona,75-152-1582,934 Swallow Center,799-219-0830,SE,Female,Spanish,Voonder
165,Thelma,Quilter,tquilter4k@woothemes.com,Meilin,Hazelcrest,China,Yuan Renminbi,11-444-2805,19902 Lawn Plaza,326-879-0476,CN,Female,Tetum,Mydo
166,Tonnie,Eakins,teakins4l@over-blog.com,Issia,Manitowish,Ivory Coast,Franc,65-976-4857,1580 Grim Junction,608-321-4465,CI,Male,Oriya,Jabbersphere
167,Ardyce,Magnay,amagnay4m@behance.net,Baiquan,Schlimgen,China,Yuan Renminbi,05-874-0848,134 Erie Junction,443-113-2098,CN,Female,Tetum,Dynava
168,Kenna,Stittle,kstittle4n@timesonline.co.uk,Orléans,Walton,France,Euro,23-751-5827,9404 Karstens Avenue,518-939-8083,FR,Female,Croatian,Shuffletag
169,Averill,Drinan,adrinan4o@elegantthemes.com,Kwidzyn,Dorton,Poland,Zloty,79-937-8644,790 Knutson Drive,889-835-7766,PL,Male,Icelandic,Dabshots
170,Donna,Simcoe,dsimcoe4p@bandcamp.com,Xindian,Oriole,China,Yuan Renminbi,47-659-6966,224 Blue Bill Park Park,299-306-4503,CN,Female,Montenegrin,Innojam
171,Torey,Tumulty,ttumulty4q@storify.com,Göteborg,West,Sweden,Krona,48-241-1946,60 Green Ridge Point,941-859-5184,SE,Male,Kurdish,Wordware
172,Granger,Gounin,ggounin4r@addtoany.com,Rejowinangun,Artisan,Indonesia,Rupiah,87-694-3421,4 Onsgard Drive,354-987-3031,ID,Male,Papiamento,Quaxo
173,Thibaut,Tickle,ttickle4s@umich.edu,Kuteynykove,Barnett,Ukraine,Hryvnia,45-351-5754,56 Debs Terrace,819-927-0539,UA,Male,Kashmiri,Innojam
174,Vikky,Askham,vaskham4t@mit.edu,Euclides da Cunha,International,Brazil,Real,13-242-8650,35968 Valley Edge Avenue,307-633-8559,BR,Female,Kannada,Thoughtstorm
175,Rhea,Oattes,roattes4u@mediafire.com,Baraya,Melody,Colombia,Peso,63-321-5675,40600 Del Sol Plaza,479-267-6781,CO,Female,Lithuanian,Zoovu
176,Phillis,Neighbour,pneighbour4v@nih.gov,Saint-Maurice-l'Exil,Thackeray,France,Euro,01-531-3606,07457 Jenna Avenue,620-661-8809,FR,Female,Kurdish,Fivespan
177,Chico,Littlejohn,clittlejohn4w@ftc.gov,Thuận Nam,Thierer,Vietnam,Dong,54-993-6684,6 Merrick Center,759-533-5617,VN,Male,Tok Pisin,Fivebridge
178,Allegra,Pridham,apridham4x@360.cn,Malainen Luma,Redwing,Philippines,Peso,69-187-9844,7 Kensington Place,907-562-3736,PH,Female,Finnish,Skippad
179,Rouvin,Leatherborrow,rleatherborrow4y@mtv.com,Cirahab,Bay,Indonesia,Rupiah,29-412-1889,4 Rowland Drive,200-171-5906,ID,Male,Chinese,Brainbox
180,Carma,Melesk,cmelesk4z@smh.com.au,Kaduheuleut,Kensington,Indonesia,Rupiah,13-010-1399,95814 Northridge Crossing,835-579-2747,ID,Female,Czech,Realcube
181,Adriena,Fresson,afresson50@multiply.com,Štitar,Vernon,Serbia,Dinar,31-153-5827,0 Saint Paul Place,740-355-7448,RS,Female,Bosnian,Skipfire
182,Alonso,Romain,aromain51@yolasite.com,Bol’shoye Selo,Bartelt,Russia,Ruble,44-215-5664,6 Dryden Drive,403-352-0613,RU,Male,Assamese,Zava
183,Gallard,Reisin,greisin52@economist.com,São José do Rio Preto,Fallview,Brazil,Real,83-279-5779,73458 Fairview Street,331-372-7959,BR,Male,Thai,Babbleblab
184,Sonya,Goch,sgoch53@hubpages.com,Valday,Ronald Regan,Russia,Ruble,25-184-0446,06891 Tennessee Plaza,301-573-4788,RU,Female,German,Eire
185,Hanny,Tiernan,htiernan54@weibo.com,Voiron,Utah,France,Euro,32-907-2192,75 Petterle Plaza,401-300-6265,FR,Female,Croatian,Chatterpoint
186,Almire,Parnall,aparnall55@infoseek.co.jp,Igreja,Pine View,Portugal,Euro,00-416-5094,33208 Bowman Crossing,879-423-4233,PT,Female,Dari,Skidoo
187,Riannon,Maulkin,rmaulkin56@comsenz.com,Yantang,Namekagon,China,Yuan Renminbi,16-279-3056,93 Lyons Plaza,116-827-9374,CN,Polygender,Belarusian,Thoughtworks
188,Edi,Lumsdon,elumsdon57@nationalgeographic.com,Monte-Carlo,Packers,Monaco,Euro,73-473-4213,99 Stoughton Parkway,306-227-5888,MC,Female,Tok Pisin,Aibox
189,Heddi,Froment,hfroment58@prlog.org,El Fasher,Service,Sudan,Pound,34-392-8274,3 Toban Center,600-392-4695,SD,Female,English,Kayveo
190,Jarvis,Vondrak,jvondrak59@csmonitor.com,El Alto,Farmco,Peru,Sol,34-874-7326,6 Crownhardt Parkway,136-987-4249,PE,Male,Gujarati,Skibox
191,Claybourne,Cloney,ccloney5a@unicef.org,Khāndbāri,Lake View,Nepal,Rupee,42-630-8410,1884 Sommers Crossing,238-925-0474,NP,Male,Māori,Gigazoom
192,Lennard,Jesse,ljesse5b@berkeley.edu,Banī Suwayf,Mcbride,Egypt,Pound,86-509-6865,0633 Arizona Way,654-507-2049,EG,Male,Kazakh,Ntags
193,Nari,Badcock,nbadcock5c@blogtalkradio.com,Terezín,Bluestem,Czech Republic,Koruna,08-699-7068,1 Daystar Road,533-201-6800,CZ,Female,Albanian,Livetube
194,Sonnie,Dearlove,sdearlove5d@typepad.com,Chirilagua,Loomis,El Salvador,Dollar,69-717-3474,65847 Pearson Lane,552-357-8018,SV,Female,Polish,Yodo
195,Crystie,Bumpas,cbumpas5e@artisteer.com,Iúna,Elka,Brazil,Real,81-596-0673,9 Eagan Circle,608-167-3925,BR,Female,Kyrgyz,Kwilith
196,Trefor,Townend,ttownend5f@yellowbook.com,Ruilin,Leroy,China,Yuan Renminbi,33-722-0171,7 Prentice Trail,821-135-0769,CN,Male,West Frisian,Tekfly
197,Gibb,Scardafield,gscardafield5g@google.ca,Huilelot,Red Cloud,Indonesia,Rupiah,19-066-9143,13820 Hovde Circle,481-521-6749,ID,Male,Afrikaans,Blogtags
198,Marge,Essam,messam5h@weebly.com,São Lourenço de Mamporcão,Buell,Portugal,Euro,40-361-1602,0513 Blackbird Place,606-678-8853,PT,Female,Quechua,Photobug
199,Minny,Haycroft,mhaycroft5i@sbwire.com,Moulay Abdallah,Heath,Morocco,Dirham,68-665-9789,7 Pankratz Crossing,927-397-4178,MA,Female,Assamese,Demivee
200,Durante,Vassar,dvassar5j@photobucket.com,Kuvshinovo,Brickson Park,Russia,Ruble,52-540-5075,7 Northridge Plaza,220-274-4486,RU,Male,Czech,Oyonder
201,Irena,Mowles,imowles5k@discuz.net,Minle,Graceland,China,Yuan Renminbi,45-055-2511,6729 School Street,513-459-7783,CN,Female,Malay,Eazzy
202,Aimil,Mattam,amattam5l@illinois.edu,Best,Jana,Netherlands,Euro,23-996-4267,469 Pennsylvania Terrace,297-234-7963,NL,Female,Icelandic,Tavu
203,Felisha,McTerlagh,fmcterlagh5m@mediafire.com,Krasnogvardeyets,Basil,Russia,Ruble,99-389-3293,0 Monica Hill,247-934-6569,RU,Female,Zulu,Meevee
204,Darbee,Hogben,dhogben5n@dailymotion.com,Wuchagou,Mariners Cove,China,Yuan Renminbi,70-765-3304,795 Sundown Park,275-622-7686,CN,Male,Georgian,Yabox
205,Lura,Adderley,ladderley5o@kickstarter.com,Xinshancun,Ridge Oak,China,Yuan Renminbi,88-415-1811,94 Grover Place,880-696-4855,CN,Female,Guaraní,Vinte
206,Hedwig,Ivins,hivins5p@mac.com,Yihe,Cascade,China,Yuan Renminbi,57-373-9553,7969 Merrick Plaza,681-495-4338,CN,Female,Nepali,Photobean
207,Fremont,Leggitt,fleggitt5q@comcast.net,Thaon-les-Vosges,Bashford,France,Euro,57-085-8826,0 Westend Pass,958-250-7584,FR,Male,Filipino,Dabjam
208,Channa,Thewlis,cthewlis5r@oracle.com,Slatina,Reindahl,Croatia,Kuna,60-391-3720,94 Mitchell Road,724-280-4458,HR,Female,Hiri Motu,Babbleblab
209,Carlos,Cowper,ccowper5s@sourceforge.net,Houston,Mendota,United States,Dollar,99-971-9334,62 Bonner Trail,713-368-6560,US,Male,Belarusian,Twiyo
210,Wyatt,Briers,wbriers5t@aboutads.info,Okhansk,Susan,Russia,Ruble,24-721-0439,6653 Forest Dale Street,375-360-5853,RU,Male,Mongolian,Yadel
211,Eran,Counter,ecounter5u@netscape.com,Yasugichō,Macpherson,Japan,Yen,06-985-6356,426 Katie Pass,888-303-8339,JP,Female,Dutch,Zoonoodle
212,Tann,Gogarty,tgogarty5v@tamu.edu,Łąck,Crescent Oaks,Poland,Zloty,76-069-6209,4 Westerfield Alley,635-999-4505,PL,Male,Albanian,Kanoodle
213,Gerardo,Augustus,gaugustus5w@google.fr,Cipari,Marquette,Indonesia,Rupiah,62-177-8644,4 Emmet Pass,787-847-8029,ID,Male,Somali,Dabfeed
214,Tanitansy,Creffield,tcreffield5x@symantec.com,Phatthaya,Cascade,Thailand,Baht,89-091-0492,6940 Sommers Road,101-512-3224,TH,Female,Thai,Dynava
215,Selby,Yukhin,syukhin5y@furl.net,Houston,Monument,Canada,Dollar,32-550-1898,54 Texas Crossing,400-797-4268,CA,Male,Catalan,Edgetag
216,Crissy,Fleeman,cfleeman5z@addthis.com,Fangli,Mesta,China,Yuan Renminbi,83-570-9465,4 Lerdahl Park,813-228-5619,CN,Female,Dzongkha,Quinu
217,Linn,Atkyns,latkyns60@youku.com,Sabanagrande,Heffernan,Colombia,Peso,62-991-3874,3361 Division Place,492-914-0106,CO,Male,Māori,Muxo
218,Coleen,Leppingwell,cleppingwell61@hugedomains.com,Uherský Brod,Mockingbird,Czech Republic,Koruna,34-341-6415,9 Londonderry Pass,290-398-1251,CZ,Female,Kazakh,Eabox
219,Abdel,Mulles,amulles62@discuz.net,Vale de Figueira,Westend,Portugal,Euro,06-721-1411,0116 High Crossing Drive,486-853-9580,PT,Male,French,Pixoboo
220,Nissie,Tapner,ntapner63@e-recht24.de,Lille,Kipling,France,Euro,12-019-1555,4198 Ohio Junction,517-401-2146,FR,Female,Filipino,Twiyo
221,Lemar,Baynham,lbaynham64@oaic.gov.au,Paraíba do Sul,Jana,Brazil,Real,18-866-6125,12469 Hudson Center,651-694-2633,BR,Polygender,Nepali,Myworks
222,Carlyn,Witcomb,cwitcomb65@tripadvisor.com,Zaranj,Paget,Afghanistan,Afghani,17-185-6234,6 Manley Pass,572-710-8123,AF,Female,New Zealand Sign Language,Jaxspan
223,Kassia,Laffoley-Lane,klaffoleylane66@goo.gl,Vřesina,Tomscot,Czech Republic,Koruna,47-826-8022,696 Corscot Pass,216-158-0635,CZ,Female,Nepali,Thoughtsphere
224,Marena,Lawtey,mlawtey67@skyrock.com,Timahankrajan,Heath,Indonesia,Rupiah,79-396-7539,04368 Kedzie Drive,222-389-9884,ID,Genderqueer,Somali,Voonix
225,Pasquale,Corssen,pcorssen68@netlog.com,Viradouro,Birchwood,Brazil,Real,69-028-7470,899 Carberry Drive,250-605-0022,BR,Male,Guaraní,Oba
226,Dorise,Morit,dmorit69@wikia.com,Si Prachan,Carey,Thailand,Baht,45-230-9046,2486 Bluestem Park,728-509-1238,TH,Female,Burmese,Shufflebeat
227,Reggie,Ziehm,rziehm6a@reference.com,Ventsy,Ridgeway,Russia,Ruble,66-227-1767,22 Calypso Hill,164-334-8369,RU,Male,Italian,Blogpad
228,Rachael,D'Oyly,rdoyly6b@examiner.com,Adela,Reinke,Philippines,Peso,70-133-4317,26 Garrison Terrace,934-983-9366,PH,Female,Dhivehi,Zava
229,Carly,Moxon,cmoxon6c@amazon.de,Gayam,Oneill,Indonesia,Rupiah,26-461-1941,278 Mockingbird Alley,934-840-5711,ID,Female,Tamil,Demizz
230,Zollie,Jopke,zjopke6d@geocities.com,Marília,Eastwood,Brazil,Real,11-472-1983,40 Sloan Way,684-854-9361,BR,Male,Dutch,Vipe
231,Renelle,Powter,rpowter6e@comsenz.com,Sv. Ana v Slov. Goricah,Pond,Slovenia,Euro,66-968-4023,0 Service Terrace,864-758-4628,SI,Female,Burmese,Ntags
232,Paulo,Axel,paxel6f@newyorker.com,Zhezqazghan,Comanche,Kazakhstan,Tenge,61-439-9648,5077 Carberry Alley,942-269-8103,KZ,Male,Macedonian,Dabvine
233,Aurilia,Tsarovic,atsarovic6g@nih.gov,Liudu,Montana,China,Yuan Renminbi,28-747-1384,1666 Loomis Terrace,215-863-1985,CN,Female,Pashto,Devshare
234,Netty,McGibbon,nmcgibbon6h@goo.gl,Padej,Vera,Serbia,Dinar,35-208-5760,0 Springs Parkway,928-170-0724,RS,Female,Bosnian,Skyvu
235,Courtnay,Cancellieri,ccancellieri6i@rakuten.co.jp,Qianshan,Heath,China,Yuan Renminbi,53-222-4792,4 Hansons Junction,332-704-3478,CN,Bigender,Tamil,Devpulse
236,Victoria,Banister,vbanister6j@umich.edu,Nong Muang Khai,Tomscot,Thailand,Baht,95-357-4842,62806 Crescent Oaks Park,216-505-7323,TH,Female,Telugu,Oyondu
237,Miguela,Fitzsimons,mfitzsimons6k@tamu.edu,Fenghuangshan,Superior,China,Yuan Renminbi,49-859-3214,64 Towne Avenue,279-895-7712,CN,Genderqueer,Swahili,Digitube
238,Christopher,Drewell,cdrewell6l@hud.gov,Eskilstuna,Merchant,Sweden,Krona,20-300-2260,5 Red Cloud Lane,389-350-5667,SE,Male,Hebrew,Edgeblab
239,Wyatan,De Stoop,wdestoop6m@chron.com,Montgomery,Troy,United States,Dollar,38-319-5778,78 Hudson Lane,334-205-5917,US,Male,Gujarati,Edgetag
240,Silvio,Besantie,sbesantie6n@theatlantic.com,Grimstad,Springview,Norway,Krone,89-766-2293,0 Vera Alley,174-535-3584,NO,Male,English,Bubblemix
241,Ode,Porch,oporch6o@wordpress.org,San José de Ocoa,Oak,Dominican Republic,Peso,86-365-4368,485 Meadow Valley Avenue,311-133-9928,DO,Polygender,Afrikaans,Browsecat
242,Nils,Campione,ncampione6p@noaa.gov,Bihać,Darwin,Bosnia and Herzegovina,Marka,26-327-9713,00 Monica Circle,314-354-5516,BA,Male,German,Feedspan
243,Horace,Ethelstone,hethelstone6q@rambler.ru,Hrotovice,Amoth,Czech Republic,Koruna,32-232-3776,2913 Grover Court,643-466-1112,CZ,Male,Khmer,Dabvine
244,Ginni,Foulgham,gfoulgham6r@hibu.com,Safotu,Washington,Samoa,Tala,46-490-3117,5 Eastlawn Street,632-176-3566,WS,Female,Romanian,Thoughtsphere
245,Betteanne,Rowbrey,browbrey6s@edublogs.org,Praia das Maçãs,Delladonna,Portugal,Euro,64-199-2001,6 Claremont Avenue,172-634-5080,PT,Bigender,Bengali,Youfeed
246,Rosaleen,Matuszkiewicz,rmatuszkiewicz6t@foxnews.com,Ban Phan Don,Helena,Thailand,Baht,29-825-7537,4436 Sutherland Junction,464-737-6545,TH,Female,Greek,Camimbo
247,Fanechka,Maslen,fmaslen6u@wix.com,Rouen,Calypso,France,Euro,03-998-6348,45278 Talmadge Circle,236-123-5036,FR,Female,Kannada,Topicshots
248,Olenolin,Babalola,obabalola6v@scientificamerican.com,Wedangtemu,Sullivan,Indonesia,Rupiah,39-949-8538,83756 Monument Crossing,383-388-9754,ID,Male,Bulgarian,Geba
249,Corinne,Beeckx,cbeeckx6w@acquirethisname.com,Pīshvā,Stuart,Iran,Rial,21-968-8051,1 Kipling Alley,805-405-9104,IR,Female,Romanian,Realbridge
250,Briggs,D'orsay,bdorsay6x@engadget.com,Asan Kumbang,Manley,Indonesia,Rupiah,89-203-3240,49640 Stuart Crossing,311-144-8822,ID,Male,Filipino,Bluejam
251,Thatcher,Reede,treede6y@cargocollective.com,Nanbin,Schiller,China,Yuan Renminbi,60-611-8394,57 Rowland Drive,202-146-6520,CN,Genderqueer,Ndebele,Voonte
252,Hoyt,Francello,hfrancello6z@4shared.com,Mekarsari,Myrtle,Indonesia,Rupiah,45-337-6745,88 Ryan Lane,763-751-6259,ID,Male,Czech,Jazzy
253,Sauveur,Tempest,stempest70@yale.edu,Marcos,5th,Philippines,Peso,76-406-8036,6 Schiller Street,687-781-0759,PH,Agender,Afrikaans,Yombu
254,Vivyanne,Kirtley,vkirtley71@netvibes.com,Mungging,Warrior,Indonesia,Rupiah,30-039-1263,6972 Schiller Avenue,598-285-5740,ID,Female,Chinese,Twitterworks
255,Niall,Durrant,ndurrant72@hp.com,Zhaoxian,Red Cloud,China,Yuan Renminbi,55-187-5977,2 Pine View Hill,115-151-9663,CN,Male,Greek,Thoughtstorm
256,Stace,Pidwell,spidwell73@gmpg.org,Surat Thani,Eagle Crest,Thailand,Baht,63-624-6195,02783 Spenser Alley,153-156-6900,TH,Female,Catalan,Realblab
257,Jocelin,Jermy,jjermy74@constantcontact.com,Dolany,Melody,Czech Republic,Koruna,76-850-4486,384 Arrowood Street,937-562-9848,CZ,Female,Portuguese,Dablist
258,Roxanna,Wyley,rwyley75@bluehost.com,Otse,Magdeline,Botswana,Pula,75-455-5305,2957 Old Gate Crossing,233-959-6999,BW,Bigender,Aymara,Jaloo
259,Jillayne,Matusov,jmatusov76@4shared.com,Lamak,Carioca,Philippines,Peso,44-900-3380,6349 Gerald Junction,286-539-1087,PH,Female,German,Meetz
260,Reinhold,Brooks,rbrooks77@unesco.org,Chujiang,Prairie Rose,China,Yuan Renminbi,87-805-9968,345 Fremont Plaza,542-459-0278,CN,Male,Assamese,Trunyx
261,Gusella,Matzl,gmatzl78@t.co,Steinkjer,Porter,Norway,Krone,55-151-2436,8509 Russell Court,571-554-7389,NO,Female,Pashto,Flashdog
262,Cosimo,Bonsall,cbonsall79@devhub.com,Hofors,Nevada,Sweden,Krona,08-664-3013,00 Red Cloud Crossing,819-326-9611,SE,Male,Greek,Realbridge
263,Theda,Gallyon,tgallyon7a@bloomberg.com,Toulouse,Sundown,France,Euro,14-540-3722,7812 Forest Dale Lane,920-265-0639,FR,Female,Hungarian,Realcube
264,Fancie,Ferrand,fferrand7b@marketwatch.com,Sironko,Crescent Oaks,Uganda,Shilling,41-833-9524,803 Colorado Crossing,946-843-2214,UG,Female,Kannada,Geba
265,Issi,Parmenter,iparmenter7c@hostgator.com,Karangtengah Lor,Amoth,Indonesia,Rupiah,25-323-0258,4812 Bowman Circle,897-839-2537,ID,Female,Papiamento,Twitterbridge
266,Aurel,Deverille,adeverille7d@springer.com,Kalinovskoye,Sherman,Russia,Ruble,90-687-0601,2886 Porter Drive,649-150-0241,RU,Female,Armenian,Jaxspan
267,Cahra,Rains,crains7e@va.gov,Yuxi,Eastlawn,China,Yuan Renminbi,91-915-7551,5380 Artisan Alley,587-826-4329,CN,Female,Fijian,Twinte
268,Adams,Maffione,amaffione7f@sciencedirect.com,Milltown,Schlimgen,Ireland,Euro,59-972-5946,19216 Division Point,535-208-4338,IE,Male,Oriya,Zoombeat
269,Wandis,Davion,wdavion7g@t-online.de,Frankfurt am Main,Larry,Germany,Euro,99-932-6230,786 Schmedeman Court,854-818-5770,DE,Female,Khmer,Thoughtstorm
270,Kalvin,Bernardoni,kbernardoni7h@purevolume.com,Mtinko,Weeping Birch,Tanzania,Shilling,13-521-7664,153 Rieder Terrace,715-894-5180,TZ,Male,Bosnian,Avamm
271,Robby,Dominetti,rdominetti7i@msu.edu,Kalebun,Daystar,Indonesia,Rupiah,99-722-4469,84 Menomonie Lane,863-852-3822,ID,Male,Czech,Realpoint
272,Bevan,Beharrell,bbeharrell7j@jigsy.com,Planovskoye,Spenser,Russia,Ruble,71-207-6381,56 Ohio Parkway,968-825-7830,RU,Male,Quechua,Fanoodle
273,Jewelle,Scougal,jscougal7k@comsenz.com,Bailadores,Northfield,Venezuela,Bolivar,63-614-2288,16 Forest Terrace,372-953-2742,VE,Female,Thai,Zazio
274,Osbourne,O'Doireidh,oodoireidh7l@google.ca,Mendes,Meadow Vale,Brazil,Real,81-411-3586,47 Ilene Road,106-714-9720,BR,Male,Bosnian,Voomm
275,Agustin,Schrei,aschrei7m@sciencedirect.com,Jianchang,Utah,China,Yuan Renminbi,96-326-2642,8 Forest Center,866-894-1847,CN,Male,Quechua,Zoonoodle
276,Alvie,Goslin,agoslin7n@slate.com,Dan Khun Thot,Melody,Thailand,Baht,79-390-4739,49590 Talisman Road,249-835-0515,TH,Male,West Frisian,Vipe
277,Jory,Troughton,jtroughton7o@apache.org,Vurğun,Westend,Azerbaijan,Manat,41-452-8083,2 Rutledge Parkway,838-837-2333,AZ,Male,Estonian,Mydeo
278,Rhoda,Piscopo,rpiscopo7p@businessweek.com,Rameshki,Blaine,Russia,Ruble,29-749-4283,9601 Anzinger Point,648-622-1246,RU,Female,Hungarian,Topicshots
279,Loria,Tremmel,ltremmel7q@oaic.gov.au,Hallsberg,Lakewood,Sweden,Krona,36-694-4914,947 Shopko Terrace,493-964-9720,SE,Female,Somali,Zazio
280,Yelena,Priel,ypriel7r@e-recht24.de,Lodhrān,Dorton,Pakistan,Rupee,84-739-3346,357 Russell Alley,552-819-5990,PK,Female,Afrikaans,InnoZ
281,Vilhelmina,Curnow,vcurnow7s@dedecms.com,Río Grande,Stuart,Argentina,Peso,12-891-8155,1858 Donald Trail,913-705-2311,AR,Female,Oriya,Buzzdog
282,Valdemar,Tortis,vtortis7t@google.co.jp,Changjiang,Artisan,China,Yuan Renminbi,22-995-0824,5341 Linden Avenue,917-650-0966,CN,Male,Kyrgyz,Skiba
283,Claiborn,Norcross,cnorcross7u@addtoany.com,Canavieiras,La Follette,Brazil,Real,92-029-5259,4609 Rowland Point,410-842-8243,BR,Polygender,Chinese,Shufflebeat
284,Kaleb,Perris,kperris7v@about.me,Longping,7th,China,Yuan Renminbi,79-208-8477,966 Old Shore Pass,725-669-2777,CN,Male,Amharic,Skalith
285,Leola,De la Perrelle,ldelaperrelle7w@photobucket.com,T’et’ri Tsqaro,Farwell,Georgia,Lari,29-948-1773,1 Sunbrook Pass,230-432-1564,GE,Female,German,Voolia
286,Tova,O'Nions,tonions7x@ucsd.edu,Qārah,Lukken,Syria,Pound,94-884-5153,07 Erie Trail,138-158-6460,SY,Female,Spanish,Ainyx
287,Syman,Tomas,stomas7y@hibu.com,Taocun,Pankratz,China,Yuan Renminbi,75-615-1441,78442 Artisan Avenue,359-401-2920,CN,Male,Estonian,Bluejam
288,Brinn,Dubois,bdubois7z@t.co,Chiquimulilla,Tennessee,Guatemala,Quetzal,82-131-5921,954 Ridge Oak Plaza,636-251-8488,GT,Female,Gagauz,Edgewire
289,Brock,O'Toole,botoole80@yahoo.co.jp,Sumberngerjat,Haas,Indonesia,Rupiah,84-636-1899,3850 Mcbride Lane,897-303-7196,ID,Male,Malay,Photospace
290,Victor,Eaden,veaden81@gravatar.com,Sujiatuo,Esch,China,Yuan Renminbi,35-329-8928,28 Maple Wood Alley,656-620-3910,CN,Male,Maltese,Yambee
291,Janice,McDermot,jmcdermot82@ycombinator.com,Palla,Stephen,Indonesia,Rupiah,48-283-9403,70060 Muir Parkway,980-722-2657,ID,Female,Ndebele,Mudo
292,Fiorenze,Worledge,fworledge83@sogou.com,Marondera,Menomonie,Zimbabwe,Dollar,59-423-2493,9 Merry Court,168-329-0921,ZW,Female,Tamil,Yotz
293,Selle,Arzu,sarzu84@biglobe.ne.jp,Höllviken,Erie,Sweden,Krona,67-353-7737,9380 Jackson Plaza,845-140-6473,SE,Female,Gagauz,Blognation
294,Bear,O'Breen,bobreenmd@skype.com,São Francisco,Gulseth,Brazil,Real,34-281-0026,24 Oriole Road,446-609-5044,BR,Male,Polish,Feedbug
295,Kerry,Strut,kstrutme@ezinearticles.com,Pingli,Darwin,China,Yuan Renminbi,32-131-1407,1 Arizona Alley,425-808-1942,CN,Female,Lao,Chatterbridge
296,Humphrey,Skillington,hskillingtonmf@samsung.com,Jiaocun,Johnson,China,Yuan Renminbi,86-090-2509,64 Daystar Road,544-796-1446,CN,Male,Hungarian,Shufflester
297,Wildon,Farmloe,wfarmloemg@bizjournals.com,Siding,Express,Indonesia,Rupiah,16-133-5111,670 Bellgrove Street,309-452-4364,ID,Male,Swedish,Gigaclub
298,Oswald,Hendrik,ohendrikmh@army.mil,Nobinobi,Myrtle,Indonesia,Rupiah,36-424-4499,87 Bluejay Center,223-481-8587,ID,Male,Hungarian,InnoZ
299,Raimundo,Milburne,rmilburnemi@state.gov,Nangahale,Ramsey,Indonesia,Rupiah,44-594-0464,03 Lerdahl Crossing,858-708-7871,ID,Male,Filipino,Jaloo
300,Vivian,Carberry,vcarberrymj@weebly.com,Karagay,Cambridge,Russia,Ruble,25-637-0779,20815 Miller Pass,113-417-0843,RU,Female,Greek,Devpoint
301,Sancho,Wassell,swassellmk@omniture.com,Saguenay,Derek,Canada,Dollar,79-855-0131,2722 Hollow Ridge Crossing,298-209-4159,CA,Male,Bulgarian,Oyondu
302,Domenico,Harmond,dharmondml@fema.gov,Dopang,Heffernan,Indonesia,Rupiah,56-440-8038,00 Butterfield Circle,397-965-2014,ID,Male,Hindi,Devbug
303,Dew,Pickerell,dpickerellmm@trellian.com,Nanlang,Clyde Gallagher,China,Yuan Renminbi,27-113-3443,29 Mcguire Junction,467-188-1824,CN,Non-binary,Swedish,Buzzster
304,Leora,Novik,lnovikmn@netscape.com,Ambon,Russell,Indonesia,Rupiah,94-114-9549,37 Donald Crossing,820-454-8853,ID,Female,Luxembourgish,Mynte
305,Pasquale,Elleyne,pelleynemo@constantcontact.com,Liudu,Fisk,China,Yuan Renminbi,04-382-7328,0590 Merrick Drive,231-424-7365,CN,Male,Luxembourgish,Oba
306,Carver,Cosgriff,ccosgriffmp@lulu.com,Linjiang,Mccormick,China,Yuan Renminbi,27-278-4745,36587 Erie Circle,867-255-1909,CN,Male,Marathi,Yakijo
307,Donella,Cestard,dcestardmq@ifeng.com,Zhaxi,Village Green,China,Yuan Renminbi,07-411-1358,0 Miller Court,562-252-5546,CN,Female,West Frisian,Mynte
308,Gayla,Davenhall,gdavenhallmr@drupal.org,Cherkasskoye,Loomis,Russia,Ruble,75-290-8618,255 Anderson Place,721-658-7976,RU,Female,Norwegian,Gigaclub
309,Berkly,Stonnell,bstonnellms@ft.com,Wassu,Brickson Park,Gambia,Dalasi,30-454-5142,4030 Miller Hill,453-771-8421,GM,Male,Korean,Eabox
310,Silvie,Vamplew,svamplewmt@europa.eu,Calango,Shasta,Peru,Sol,84-619-9208,664 Luster Junction,188-621-7247,PE,Genderqueer,Hiri Motu,Quamba
311,Grethel,Berkery,gberkerymu@chron.com,Pilar do Sul,Dennis,Brazil,Real,15-360-8229,87555 Hanover Lane,576-104-7473,BR,Female,Swahili,Wikido
312,Osbert,Sprouls,osproulsmv@google.ca,Agassiz,Beilfuss,Canada,Dollar,58-489-2362,0542 Jana Trail,635-789-6437,CA,Male,Bengali,Gigaclub
313,Conny,Rayner,craynermw@forbes.com,Farranacoush,Laurel,Ireland,Euro,34-957-9880,2 Norway Maple Junction,232-185-9827,IE,Agender,Bislama,Aivee
314,Saunder,Brigshaw,sbrigshawmx@hc360.com,San Esteban,Ilene,Honduras,Lempira,49-658-8972,398 Luster Avenue,106-771-2935,HN,Male,German,Fivespan
315,Thor,Klimko,tklimkomy@infoseek.co.jp,Telč,Gerald,Czech Republic,Koruna,97-465-3960,9 Packers Street,428-528-8241,CZ,Male,Tamil,Photobug
316,Lauryn,Geldard,lgeldardmz@unesco.org,Ngawi,Blaine,Indonesia,Rupiah,16-379-3988,8731 Darwin Terrace,420-279-9837,ID,Female,Bislama,Yambee
317,Elizabet,Boustred,eboustredn0@cbsnews.com,Amirabad,Goodland,Pakistan,Rupee,53-169-3470,02 Cascade Parkway,443-131-7658,PK,Female,Arabic,Quire
318,Byrle,Ashleigh,bashleighn1@newyorker.com,Santa Maria,Farmco,Mexico,Peso,52-377-0078,36 Independence Lane,149-989-4494,MX,Male,Bosnian,Youtags
319,Emlyn,Eliot,eeliotn2@lycos.com,Salaya,Westend,Thailand,Baht,45-557-1380,7 Helena Trail,910-775-1916,TH,Female,Indonesian,Ailane
320,Meier,Ciotto,mciotton3@yellowbook.com,Aktsyabrski,Pond,Belarus,Ruble,84-822-6675,0893 Schmedeman Lane,996-642-0437,BY,Male,Polish,Innojam
321,Carmelia,Beacom,cbeacomn4@apache.org,Sogati,Mesta,Indonesia,Rupiah,46-872-6161,46 Westerfield Plaza,565-225-4954,ID,Female,Tsonga,Skyba
322,Cesar,McCreath,cmccreathn5@stumbleupon.com,Arkhaía Kórinthos,Hermina,Greece,Euro,60-341-8635,016 Saint Paul Avenue,359-407-5590,GR,Male,Moldovan,Leexo
323,Raleigh,Kelinge,rkelingen6@sohu.com,Villa Nueva,Harbort,Guatemala,Quetzal,45-144-4384,5 Vera Drive,513-181-5040,GT,Male,Arabic,Flipstorm
324,Lorianne,Nolin,lnolinn7@homestead.com,Palhais,Prairie Rose,Portugal,Euro,48-077-4058,90 Stang Parkway,288-426-4475,PT,Female,Bislama,Trilith
325,Antonio,Sparshett,asparshettn8@ebay.co.uk,Na Di,Ilene,Thailand,Baht,52-716-4141,3 Grasskamp Alley,216-925-8746,TH,Male,Kazakh,Quimm
326,Courtnay,Kunrad,ckunradn9@thetimes.co.uk,Wola Sernicka,Dakota,Poland,Zloty,47-805-6071,1201 Raven Street,698-927-3831,PL,Female,French,Zoomlounge
327,Josias,Drance,jdrancena@ow.ly,Changjiang,Londonderry,China,Yuan Renminbi,37-363-7466,069 6th Lane,146-118-5833,CN,Male,Armenian,Photojam
328,Pernell,Ashman,pashmannb@qq.com,Hostouň,Eastlawn,Czech Republic,Koruna,24-374-5110,2187 Brentwood Lane,462-616-3467,CZ,Male,Czech,Linkbuzz
329,Tracy,Kobpa,tkobpanc@irs.gov,Gierłoż,Cherokee,Poland,Zloty,11-361-5831,426 Butternut Avenue,267-163-7505,PL,Male,Amharic,Divape
330,Cecilio,Heakins,cheakinsnd@umich.edu,Biyan,Maryland,Indonesia,Rupiah,68-903-3992,1100 Gateway Point,536-770-4373,ID,Non-binary,Polish,Agimba
331,Sigfried,Patrickson,spatricksonne@amazon.co.uk,Damasak,Spohn,Nigeria,Naira,63-871-7834,7 Dunning Pass,920-288-9695,NG,Male,Kannada,Yodo
332,Evanne,Rosencrantz,erosencrantznf@oaic.gov.au,Gao’an,Vermont,China,Yuan Renminbi,11-951-7112,8 Toban Way,540-897-2172,CN,Female,Greek,Eadel
333,Doy,Derry,dderryng@businessinsider.com,Kula,Jenifer,Serbia,Dinar,98-131-4885,8 Coleman Center,213-817-1211,RS,Male,Aymara,Topiczoom
334,Stanton,Brighty,sbrightynh@weather.com,Benger,Hoffman,Indonesia,Rupiah,15-975-3511,1044 Barby Center,267-968-6279,ID,Male,Czech,Eadel
335,Aguie,Pottery,apotteryni@altervista.org,Wang Nam Khiao,Shopko,Thailand,Baht,57-757-3309,93 Straubel Junction,414-973-7590,TH,Male,Thai,Photojam
336,Walt,Bottrell,wbottrellnj@mozilla.com,Hongcheng,Messerschmidt,China,Yuan Renminbi,91-868-6288,03 Goodland Plaza,718-934-6127,CN,Male,Swati,Youbridge
337,Maxy,Budd,mbuddnk@people.com.cn,Nijmegen,Arizona,Netherlands,Euro,10-891-2552,38 Sutherland Circle,828-384-1970,NL,Male,Dhivehi,Fliptune
338,Perl,Melato,pmelatonl@sbwire.com,Huimin,Hudson,China,Yuan Renminbi,89-283-2735,6 High Crossing Road,517-495-1614,CN,Female,Kannada,Skipfire
339,Belia,Jirik,bjiriknm@clickbank.net,Maninihon,Chive,Philippines,Peso,32-710-2030,7487 Carpenter Circle,333-507-7640,PH,Agender,Malay,Fivespan
340,Benny,Defrain,bdefrainnn@jiathis.com,Xiema,Goodland,China,Yuan Renminbi,80-199-2001,552 Hauk Park,778-857-7429,CN,Male,Latvian,Thoughtsphere
341,Lev,Gounot,lgounotno@vkontakte.ru,Monkayo,Clemons,Philippines,Peso,97-523-8107,4 Elgar Way,802-257-5257,PH,Male,Amharic,Brightdog
342,Cortie,Manshaw,cmanshawnp@live.com,Järfälla,Norway Maple,Sweden,Krona,42-371-5803,7597 Jana Court,507-981-6680,SE,Male,Tajik,Jazzy
343,Hanna,McGarva,hmcgarvanq@seattletimes.com,Gotovlje,Cottonwood,Slovenia,Euro,85-156-1873,7 Rowland Trail,217-339-0755,SI,Female,Kazakh,Browsetype
344,Lory,Nellen,lnellennr@chronoengine.com,Shaxi,Scoville,China,Yuan Renminbi,76-698-6999,8321 Green Ridge Way,783-182-0605,CN,Female,Northern Sotho,Gabspot
345,Kellby,Wasiel,kwasielns@xing.com,Oinoússes,Bluestem,Greece,Euro,15-520-3145,50 Monterey Pass,972-600-2991,GR,Male,Aymara,Babbleset
346,Greggory,Harses,gharsesnt@mozilla.com,Caidian,Merry,China,Yuan Renminbi,12-411-9377,714 Thackeray Parkway,414-415-5704,CN,Male,Swati,Flipbug
347,Nerty,Laydon,nlaydonnu@last.fm,Lamadelaine,Ramsey,Luxembourg,Euro,85-884-2876,99263 Waxwing Way,909-309-6763,LU,Female,Tswana,Mynte
348,Maire,Craddy,mcraddynv@baidu.com,Alvito de São Pedro,Kennedy,Portugal,Euro,81-090-6908,3 Macpherson Point,292-289-2467,PT,Agender,Bosnian,Riffwire
349,Dionis,Maggs,dmaggsnw@quantcast.com,Gaoqiaolou,Delaware,China,Yuan Renminbi,08-331-6389,0 Westport Place,869-523-8813,CN,Female,Gagauz,Ailane
350,Korey,Mountlow,kmountlownx@livejournal.com,Indulang,Everett,Philippines,Peso,13-353-3741,05987 Southridge Alley,869-927-8937,PH,Male,Arabic,Youopia
351,Imelda,Royson,iroysonny@friendfeed.com,Angers,Fairview,France,Euro,15-416-7847,7508 Welch Way,988-965-0100,FR,Female,Bosnian,Youfeed
352,Nadeen,Tawton,ntawtonnz@linkedin.com,Calatrava,Buena Vista,Philippines,Peso,35-866-5292,92 Carioca Avenue,242-268-2464,PH,Female,Dzongkha,Minyx
353,Ilsa,Lindl,ilindlo0@exblog.jp,Esperanza,Garrison,Philippines,Peso,09-337-8502,986 Oriole Junction,369-351-3602,PH,Genderfluid,Tajik,Vitz
354,Patsy,Ducrow,pducrowo1@cnbc.com,Jabłonka,Ohio,Poland,Zloty,59-817-5341,5 Utah Lane,396-426-1068,PL,Bigender,Belarusian,Skibox
355,Saleem,Elizabeth,selizabetho2@sbwire.com,Al Ḩāḑir,Forster,Syria,Pound,26-386-3902,53915 Elgar Avenue,510-343-1112,SY,Male,Dzongkha,Wikivu
356,Donelle,Sail,dsailo3@kickstarter.com,Salegading,Bayside,Indonesia,Rupiah,97-013-5406,5 Roxbury Circle,278-251-9425,ID,Female,Arabic,Jabbertype
357,Kev,Clausen,kclauseno4@yellowpages.com,Thakhèk,Kipling,Laos,Kip,05-297-2215,2 Stone Corner Road,999-865-2465,LA,Male,Maltese,Twitterlist
358,Devina,Gilogly,dgiloglyo5@dagondesign.com,Haligue,Declaration,Philippines,Peso,21-073-5831,907 Tomscot Hill,374-829-6578,PH,Female,Thai,Quinu
359,Kirby,Leahy,kleahyo6@geocities.com,San Jose,Lindbergh,Mexico,Peso,22-900-3626,1568 Morningstar Center,948-186-1966,MX,Female,Afrikaans,Fivespan
360,Archibaldo,Malloy,amalloyo7@toplist.cz,Kukichūō,Schlimgen,Japan,Yen,90-659-9245,0 Truax Lane,630-378-8254,JP,Male,Marathi,Riffpedia
361,Margaret,Scruby,mscrubyo8@twitter.com,Paitan Este,Farmco,Philippines,Peso,88-701-4657,168 Little Fleur Alley,785-696-1930,PH,Female,Dzongkha,Thoughtbeat
362,Osbert,L'Amie,olamieo9@usatoday.com,Simunul,Havey,Philippines,Peso,59-572-4004,45988 Bonner Crossing,794-977-7339,PH,Male,English,Latz
363,Hendrick,Eade,headeoa@aboutads.info,Tongqian,Schiller,China,Yuan Renminbi,99-915-4221,9562 Gina Crossing,575-266-5205,CN,Male,Marathi,Babbleset
364,Nerta,Youngman,nyoungmanob@house.gov,Calachuchi,Orin,Philippines,Peso,74-277-9846,11 Hermina Park,681-755-3553,PH,Female,Tsonga,Rooxo
365,Farlie,Kempton,fkemptonoc@gmpg.org,Krajan Tengah,Jackson,Indonesia,Rupiah,15-992-7487,8876 Clemons Avenue,790-542-6869,ID,Genderfluid,Maltese,Skivee
366,Bridgette,Daville,bdavilleod@virginia.edu,Muslyumovo,7th,Russia,Ruble,99-827-9296,85831 Coolidge Drive,521-680-7358,RU,Female,Gagauz,Jaxbean
367,Cecile,Dovinson,cdovinsonoe@hao123.com,Guyam Malaki,Ridge Oak,Philippines,Peso,28-884-7438,3306 Utah Junction,426-587-7619,PH,Genderqueer,Arabic,Zazio
368,Griff,Gytesham,ggyteshamof@soup.io,Diriá,Aberg,Nicaragua,Cordoba,85-794-1268,7648 Hanover Center,940-363-7922,NI,Male,Estonian,Tekfly
369,Sabine,Durbyn,sdurbynog@wikispaces.com,Dusit,Anniversary,Thailand,Baht,09-075-7927,11 Nova Pass,867-350-1601,TH,Female,Gagauz,Buzzbean
370,Annamaria,Picknett,apicknettoh@theguardian.com,Azteca,Westerfield,Mexico,Peso,47-803-4563,2028 Northview Court,545-457-9765,MX,Female,Kannada,Zoonoodle
371,Montague,Hounsome,mhounsomeoi@cisco.com,Kavarna,Spaight,Bulgaria,Lev,32-023-7000,47 Dixon Junction,319-469-8738,BG,Male,French,Topicstorm
372,Milo,Croser,mcroseroj@facebook.com,Ambarawa,Dwight,Indonesia,Rupiah,22-552-9203,29 Onsgard Crossing,156-101-5658,ID,Male,Persian,Lazzy
373,Martyn,Clist,mclistok@patch.com,Oslo,Stephen,Norway,Krone,37-037-5200,88152 4th Circle,317-706-1696,NO,Male,Guaraní,Yoveo
374,Mufinella,Rubbens,mrubbensol@people.com.cn,Itagibá,Lawn,Brazil,Real,04-630-2493,2 Northport Street,947-600-5186,BR,Female,Swedish,Bluejam
375,Ansel,Clague,aclagueom@facebook.com,Lat Yao,Center,Thailand,Baht,94-592-6758,2 Dayton Center,789-775-5380,TH,Male,English,Riffpath
376,Michal,Cragell,mcragellon@tumblr.com,Pyhäsalmi,Elka,Finland,Euro,02-255-3187,1 Ludington Place,583-128-1173,FI,Female,Swahili,Tagchat
377,Eran,Leades,eleadesoo@scientificamerican.com,Wangqingtuo,Corscot,China,Yuan Renminbi,14-758-6364,186 Erie Trail,155-323-3337,CN,Female,Kazakh,Brainbox
378,Arvie,Volant,avolantop@chron.com,Shuangnian,Nancy,China,Yuan Renminbi,76-616-8519,101 Westport Lane,465-382-0225,CN,Male,Yiddish,Eimbee
379,Ky,Abrahamsen,kabrahamsenoq@bandcamp.com,Loma Bonita,Linden,Mexico,Peso,49-925-2749,7567 Schlimgen Pass,912-658-1906,MX,Male,Persian,Jatri
380,Sabina,Dupoy,sdupoyor@paypal.com,Shreveport,Mitchell,United States,Dollar,93-050-4661,366 Daystar Alley,318-578-1402,US,Female,Malay,Quatz
381,Ferdinand,Hutchin,fhutchinos@illinois.edu,Puunage,Delaware,Indonesia,Rupiah,61-904-6322,17 Everett Point,838-888-1192,ID,Male,Bosnian,Roomm
382,Gabriel,Dunwoody,gdunwoodyot@usatoday.com,Pervoavgustovskiy,Atwood,Russia,Ruble,18-027-3467,66 Manufacturers Hill,971-233-6969,RU,Male,Tsonga,Tagpad
383,Noami,Braisby,nbraisbyou@hexun.com,Železniki,Derek,Slovenia,Euro,49-241-8510,3064 Valley Edge Way,991-565-7984,SI,Female,Macedonian,Gabvine
384,Trumaine,Mesias,tmesiasov@unblog.fr,Hino,Waywood,Japan,Yen,89-790-6572,00394 Kropf Terrace,897-221-9059,JP,Male,Maltese,Ntag
385,Hattie,Reppaport,hreppaportow@studiopress.com,Yingtan,Dryden,China,Yuan Renminbi,47-590-9188,82 Corscot Avenue,959-546-6729,CN,Female,Marathi,Plambee
386,Alanna,Holtaway,aholtawayox@slate.com,Kināna,Golden Leaf,Sudan,Pound,64-491-5082,56 American Ash Center,942-580-4210,SD,Female,Albanian,Blogspan
387,Ruth,Bimrose,rbimroseoy@wix.com,Las Vegas,Quincy,United States,Dollar,04-713-9910,1 Susan Pass,702-673-4700,US,Female,Czech,Flipbug
388,Jehu,Atkins,jatkinsoz@paginegialle.it,Lysyanka,Killdeer,Ukraine,Hryvnia,77-611-3994,0616 Vidon Drive,450-658-3640,UA,Male,Kurdish,Brainsphere
389,Waring,Guilloud,wguilloudp0@indiatimes.com,Hénin-Beaumont,Morning,France,Euro,77-244-1289,998 Graedel Parkway,458-996-0926,FR,Male,Romanian,Lazz
390,Yank,Hannabuss,yhannabussp1@umich.edu,Miringa,Aberg,Nigeria,Naira,69-296-3979,27 David Court,582-415-9925,NG,Male,Chinese,Ooba
391,Durante,Canellas,dcanellasp2@pen.io,Wādī as Salqā,Nova,Palestinian Territory,Shekel,39-524-1642,980 Lakewood Lane,712-359-6580,PS,Bigender,Hebrew,Innojam
392,Alfons,Klosges,aklosgesp3@umn.edu,Bera,Duke,Bangladesh,Taka,46-366-7553,2 Stephen Circle,896-738-6511,BD,Male,Danish,Meembee
393,Huntley,Orchart,horchartp4@example.com,Guajiasi,Coolidge,China,Yuan Renminbi,76-311-4031,1 Corry Way,929-844-5045,CN,Male,Assamese,Demimbu
394,Paige,Soper,psoperp5@wisc.edu,Stetseva,Riverside,Ukraine,Hryvnia,08-358-3330,80 Garrison Hill,454-436-6626,UA,Female,Aymara,Skajo
395,Mozelle,Ashenhurst,mashenhurstp6@miitbeian.gov.cn,Dniprodzerzhyns’k,Elmside,Ukraine,Hryvnia,42-073-3928,14 Fieldstone Alley,406-316-6105,UA,Female,Danish,Fivebridge
396,Gilda,Coe,gcoep7@youtu.be,Trojanów,Waubesa,Poland,Zloty,67-433-5071,43311 Saint Paul Point,369-483-7113,PL,Female,West Frisian,Photobug
397,Murray,Lukehurst,mlukehurstp8@github.com,Chujiang,Homewood,China,Yuan Renminbi,11-834-6350,541 Warbler Terrace,938-230-2069,CN,Genderqueer,Indonesian,Meedoo
398,Laraine,Binge,lbingep9@infoseek.co.jp,Palocabildo,Duke,Colombia,Peso,26-420-5257,00 Pearson Street,698-499-5099,CO,Female,French,Geba
399,Quintilla,Rose,qrosepa@msn.com,Icononzo,Summer Ridge,Colombia,Peso,70-312-9377,053 Graedel Parkway,131-909-2740,CO,Female,Croatian,Geba
400,Cinderella,Lightbown,clightbownpb@cbsnews.com,Gyangkar,Marcy,China,Yuan Renminbi,02-088-2492,27 Merrick Terrace,567-460-1700,CN,Female,Hindi,Gabtune
401,Fannie,Greenrde,fgreenrdepc@yolasite.com,Arsen’yev,Kropf,Russia,Ruble,38-077-8918,65424 Johnson Center,746-600-9995,RU,Female,Hiri Motu,Livetube
402,Lurline,Redferne,lredfernepd@soup.io,Ifanadiana,Ohio,Madagascar,Ariary,06-572-4832,65906 Welch Hill,392-241-4936,MG,Genderfluid,Gujarati,Twitterwire
403,Dag,Kabsch,dkabschpe@nature.com,Sangongqiao,Mayer,China,Yuan Renminbi,80-283-3565,1609 Stang Terrace,978-466-3521,CN,Male,Malay,Browsebug
404,Meredith,Faccini,mfaccinipf@pen.io,Sitovo,Arizona,Bulgaria,Lev,15-577-3445,56 Sherman Center,712-126-0851,BG,Male,Burmese,Oyoyo
405,Shelley,Kinnerley,skinnerleypg@stanford.edu,Luhanka,Hovde,Finland,Euro,57-070-8778,97017 Farragut Avenue,725-708-8126,FI,Polygender,Hindi,Topiclounge
406,Berry,Cordle,bcordleph@amazon.de,Bangbayang,Logan,Indonesia,Rupiah,16-297-6157,67226 Graedel Crossing,344-166-4733,ID,Female,West Frisian,Brainlounge
407,Stanislas,Craiker,scraikerpi@canalblog.com,Gaoguan,3rd,China,Yuan Renminbi,67-012-7584,40 Bobwhite Way,408-596-1695,CN,Male,Lao,Brainbox
408,Appolonia,Herety,aheretypj@desdev.cn,Malanay,Marcy,Philippines,Peso,59-854-1689,336 Mccormick Lane,126-383-8929,PH,Female,Oriya,Jaxworks
409,Tamiko,Hursthouse,thursthousepk@usatoday.com,Solidaridad,Almo,Mexico,Peso,55-141-2228,7 Swallow Hill,433-835-2416,MX,Female,Finnish,Zoomzone
410,Rosemaria,Girton,rgirtonpl@dropbox.com,Lérida,Sugar,Colombia,Peso,56-741-2137,198 Thompson Junction,796-161-8058,CO,Female,Haitian Creole,Blognation
411,Olympia,Whytock,owhytockpm@irs.gov,Morong,Redwing,Philippines,Peso,37-724-2967,304 Pawling Park,313-168-5031,PH,Female,Korean,Avamba
412,Corbie,Faithfull,cfaithfullpn@hp.com,Mojomulyokrajan,Barnett,Indonesia,Rupiah,31-248-5444,49 Ridgeview Terrace,225-726-5859,ID,Male,Burmese,Yodel
413,Marty,Lyptrade,mlyptradepo@lulu.com,Gandi,Rieder,Nigeria,Naira,17-436-9509,05 Roxbury Street,362-429-6128,NG,Male,Portuguese,Zooveo
414,Alejandro,Terron,aterronpp@icq.com,Selce,Eastwood,Macedonia,Denar,71-510-3321,1673 Kennedy Park,649-290-9009,MK,Male,Punjabi,Flipopia
415,Genvieve,Rudolf,grudolfpq@theglobeandmail.com,Ierápetra,Fordem,Greece,Euro,47-749-0285,27848 High Crossing Place,953-911-9177,GR,Female,Romanian,Jaxnation
416,Lewiss,Garlant,lgarlantpr@diigo.com,Shamva,New Castle,Zimbabwe,Dollar,12-057-9595,9 Donald Parkway,137-991-5542,ZW,Male,Japanese,Avamba
417,Diego,Sitlington,dsitlingtonps@chronoengine.com,Kolobovo,Eagan,Russia,Ruble,38-194-9221,0 Everett Terrace,657-818-8472,RU,Male,Czech,Dynabox
418,Brendon,Jaouen,bjaouenpt@wp.com,Chaoyang,Harper,China,Yuan Renminbi,60-826-1096,4519 Old Gate Street,556-487-8716,CN,Male,Spanish,Feedmix
419,Adlai,Morando,amorandopu@ucsd.edu,Paquera,Schmedeman,Costa Rica,Colon,84-359-4756,01 Ronald Regan Lane,919-275-1272,CR,Male,Thai,Fanoodle
420,Rene,Stonnell,rstonnellpv@cyberchimps.com,Basel,Texas,Switzerland,Franc,94-506-5726,86 Lindbergh Court,223-342-9650,CH,Male,Persian,Yozio
421,Gustavus,Burles,gburlespw@exblog.jp,Jinshan,Goodland,China,Yuan Renminbi,40-102-4589,45822 Graedel Place,886-740-8920,CN,Male,Burmese,Oba
422,Annmarie,MacGinlay,amacginlaypx@scientificamerican.com,Burevestnik,Delaware,Russia,Ruble,02-426-2685,42 Corben Park,291-454-0447,RU,Female,Bislama,Realbridge
423,Kamila,Wilsone,kwilsonepy@tinyurl.com,Pamoyanan,Londonderry,Indonesia,Rupiah,46-723-0817,44517 Barnett Avenue,647-719-7202,ID,Female,Bengali,Roodel
424,Malorie,Roswarne,mroswarnepz@answers.com,Dalun,Golf View,China,Yuan Renminbi,47-705-2373,44 Arapahoe Trail,620-493-5980,CN,Genderqueer,Pashto,Kimia
425,Dianna,Haycraft,dhaycraftq0@tripod.com,Datong,Butterfield,China,Yuan Renminbi,72-871-6800,05441 Ruskin Road,651-368-6968,CN,Female,Dhivehi,Voomm
426,Falito,Scargle,fscargleq1@time.com,Vatutino,Ohio,Russia,Ruble,66-671-7651,89 Daystar Plaza,710-117-6697,RU,Male,Dhivehi,Meemm
427,Judi,Forrestall,jforrestallq2@cpanel.net,Entebbe,Redwing,Uganda,Shilling,27-240-0823,129 Esker Pass,375-338-7682,UG,Female,Bengali,Viva
428,Meredeth,Norcock,mnorcockq3@shareasale.com,Baojia,Birchwood,China,Yuan Renminbi,88-762-5629,83 Vermont Place,477-240-0998,CN,Male,Hiri Motu,Abata
429,Marilyn,Redemile,mredemileq4@cornell.edu,Añatuya,Forest Dale,Argentina,Peso,11-998-5728,47 Meadow Valley Crossing,634-140-2408,AR,Female,Romanian,Browsedrive
430,Prudi,Dene,pdeneq5@mapy.cz,Pangrumasan,Twin Pines,Indonesia,Rupiah,23-611-9923,84 International Hill,658-357-5031,ID,Female,Māori,Kazu
431,Rosie,Timpany,rtimpanyq6@cocolog-nifty.com,Huntsville,Manley,United States,Dollar,96-049-2625,73 Susan Pass,256-750-4566,US,Female,Belarusian,Einti
432,Trula,Emer,temerq7@macromedia.com,Heka,Brown,China,Yuan Renminbi,71-388-2824,4 Old Gate Junction,953-274-0945,CN,Female,West Frisian,Meejo
433,Cristi,Bowton,cbowtonq8@google.com,Laval,Forest Run,Canada,Dollar,86-605-1169,62 Southridge Road,311-575-9246,CA,Female,Hiri Motu,Jaxspan
434,Henrik,Kelloway,hkellowayq9@live.com,Borås,Tomscot,Sweden,Krona,16-623-2258,85951 Grayhawk Junction,319-430-2389,SE,Male,Japanese,Zoomzone
435,Cornie,Cosson,ccossonqa@lycos.com,Jaguaquara,Caliangt,Brazil,Real,66-195-9771,1241 Buhler Hill,403-808-6038,BR,Bigender,Kyrgyz,Edgepulse
436,Janna,McClifferty,jmccliffertyqb@msu.edu,Novorozhdestvenskaya,Toban,Russia,Ruble,66-325-0306,40330 Pond Crossing,901-505-3827,RU,Female,Polish,Photolist
437,Joyce,Aubrun,jaubrunqc@ibm.com,Manonjaya,Sunfield,Indonesia,Rupiah,62-082-9003,75 Talmadge Drive,544-596-3472,ID,Female,Afrikaans,Aimbu
438,Vidovic,Stroton,vstrotonqd@umn.edu,Siva,Vidon,Russia,Ruble,86-786-8839,77 Clarendon Center,224-264-9347,RU,Male,Kannada,Bubblemix
439,Gene,Alejo,galejoqe@indiegogo.com,Wonocolo,5th,Indonesia,Rupiah,50-901-1958,127 Kipling Junction,644-247-5457,ID,Male,Polish,Gabcube
440,Zelma,Shelper,zshelperqf@adobe.com,São Filipe,Lighthouse Bay,Cape Verde,Escudo,48-064-9346,3 Dwight Alley,342-811-8515,CV,Female,Gujarati,Tagpad
441,Bron,Powe,bpoweqg@reddit.com,Naikoten Dua,Northview,Indonesia,Rupiah,07-044-5136,71725 Hudson Parkway,460-954-6217,ID,Male,Tajik,Topiclounge
442,Diannne,Themann,dthemannqh@cloudflare.com,Cisitu,Gulseth,Indonesia,Rupiah,86-418-6508,514 West Crossing,690-524-4129,ID,Female,Dzongkha,Edgepulse
443,Risa,Hamlett,rhamlettqi@sbwire.com,Loanda,Farmco,Brazil,Real,30-165-8648,6222 4th Place,821-178-2762,BR,Female,Swedish,Lazz
444,Pansie,Duffill,pduffillqj@odnoklassniki.ru,Onsala,Londonderry,Sweden,Krona,54-327-1259,1668 Victoria Road,317-528-3195,SE,Female,French,Oyoyo
445,Onofredo,Rodolf,orodolfqk@pcworld.com,Lunik,Eagan,Albania,Lek,20-136-9257,6 Marquette Hill,633-455-6036,AL,Male,Portuguese,Meetz
446,Ania,Adelsberg,aadelsbergql@gizmodo.com,Kalá Déndra,Golden Leaf,Greece,Euro,05-058-8176,9 Kensington Avenue,512-711-5676,GR,Female,Northern Sotho,Avavee
447,Reider,Attiwill,rattiwillqm@delicious.com,Shencang,Barby,China,Yuan Renminbi,60-600-3091,07658 Killdeer Point,285-821-1583,CN,Male,Gagauz,Roomm
448,Zachery,Corns,zcornsqn@weather.com,Simo,1st,Finland,Euro,62-096-8614,5282 Anzinger Way,619-372-3996,FI,Male,Papiamento,Teklist
449,Dulci,Flounders,dfloundersqo@amazonaws.com,Onokivtsi,Mandrake,Ukraine,Hryvnia,55-763-2236,14064 David Crossing,972-385-0754,UA,Female,English,Quamba
450,Sherm,Franchyonok,sfranchyonokqp@ca.gov,Gómfoi,Ruskin,Greece,Euro,04-315-4295,8255 Summer Ridge Junction,951-757-5509,GR,Polygender,Dari,Twitterlist
451,Hillery,Kerry,hkerryqq@hc360.com,Järfälla,Cardinal,Sweden,Krona,76-892-8052,30274 Anderson Center,281-683-7044,SE,Male,Khmer,Buzzdog
452,Charlean,Siaspinski,csiaspinskiqr@icio.us,Nzeto,Buell,Angola,Kwanza,66-753-0256,547 Dayton Court,833-394-2568,AO,Female,Georgian,Chatterbridge
453,Betta,Ducket,bducketqs@discovery.com,Nangang,Grasskamp,China,Yuan Renminbi,74-111-3074,5 Golf Court,252-742-0507,CN,Female,Italian,Browsetype
454,Whitby,Yerrill,wyerrillqt@diigo.com,Virden,Heffernan,Canada,Dollar,68-636-1990,01 Surrey Place,845-865-3890,CA,Male,Greek,Skilith
455,Raimundo,Duddin,rduddinqu@alibaba.com,Naranjal,Fordem,Paraguay,Guarani,54-754-7250,1 Declaration Lane,909-243-5993,PY,Male,Tok Pisin,Avavee
456,Rorie,Fedorchenko,rfedorchenkoqv@who.int,Bukor,Steensland,Serbia,Dinar,64-595-0191,20 Nelson Trail,113-201-3050,RS,Female,Kurdish,Yacero
457,Adolph,Brockhouse,abrockhouseqw@sina.com.cn,Acomayo,Gina,Peru,Sol,25-634-8278,67 Meadow Ridge Point,374-308-6693,PE,Male,Gujarati,Quinu
458,Tracy,Pieracci,tpieracciqx@timesonline.co.uk,Novorossiysk,Arapahoe,Russia,Ruble,42-064-9995,4 Bunker Hill Hill,676-596-7876,RU,Male,Azeri,Skiba
459,Barnebas,Stone Fewings,bstonefewingsqy@pen.io,Austin,Melby,United States,Dollar,57-604-3400,5 7th Plaza,512-212-2012,US,Male,Romanian,Tazzy
460,Hurley,Lakeland,hlakelandqz@slate.com,Inriville,Carpenter,Argentina,Peso,71-993-1815,5901 Randy Place,120-905-2804,AR,Male,Kannada,BlogXS
461,Dani,Hodgen,dhodgenr0@ihg.com,Karangmangu,Armistice,Indonesia,Rupiah,00-824-3692,715 Red Cloud Hill,884-606-4071,ID,Male,Zulu,Demivee
462,Hew,Stellin,hstellinr1@psu.edu,Potolo,Sage,Bolivia,Boliviano,80-489-7655,722 Burning Wood Alley,797-761-0852,BO,Male,Hindi,Dazzlesphere
463,Creight,Canedo,ccanedor2@a8.net,Concord,Rusk,Canada,Dollar,83-278-9449,1981 Johnson Pass,883-297-7847,CA,Male,Afrikaans,Tagchat
464,Dani,Bradnock,dbradnockr3@cnbc.com,Caucaia,Hansons,Brazil,Real,21-632-8254,8688 Schiller Trail,111-527-0273,BR,Agender,Armenian,Ailane
465,Marcello,Castaneda,mcastanedar4@google.pl,Sośno,Fallview,Poland,Zloty,90-131-7175,99 Monterey Place,432-430-9485,PL,Male,Gujarati,Leenti
466,Gifford,Bleier,gbleierr5@zimbio.com,Nîmes,Hoepker,France,Euro,80-266-9888,33318 Mallory Place,856-980-9528,FR,Non-binary,Azeri,Vinder
467,Monti,Michel,mmichelr6@nsw.gov.au,Pendawanbaru,John Wall,Indonesia,Rupiah,75-075-6719,72803 Schlimgen Pass,363-608-0771,ID,Male,Spanish,Youtags
468,Osgood,Cawker,ocawkerr7@reverbnation.com,Bajina Bašta,Farmco,Serbia,Dinar,67-494-3460,689 Tony Drive,234-311-3893,RS,Male,Sotho,Twinte
469,Morie,Hentzeler,mhentzelerr8@phpbb.com,Karanyowka,Troy,Belarus,Ruble,10-820-6842,54046 Golf Course Point,195-405-5687,BY,Male,Tok Pisin,Oozz
470,Giusto,Dougherty,gdoughertyr9@webmd.com,Montes Velhos,Debs,Portugal,Euro,56-539-9256,3 Garrison Drive,555-556-5641,PT,Male,French,Edgeblab
471,Bret,Yablsley,byablsleyra@businesswire.com,Bogor,Scott,Indonesia,Rupiah,85-547-7430,54 Hansons Circle,925-963-1885,ID,Male,Oriya,Thoughtblab
472,Gisele,Dorant,gdorantrb@zimbio.com,Haghartsin,Continental,Armenia,Dram,75-027-0204,4010 Waubesa Lane,496-232-0961,AM,Polygender,Danish,Fiveclub
473,Viviana,Rose,vroserc@opera.com,Martinópolis,Division,Brazil,Real,59-188-9170,4951 Monterey Parkway,632-894-9914,BR,Female,Hindi,Zoomdog
474,Marion,Dowrey,mdowreyrd@moonfruit.com,Nanterre,Graedel,France,Euro,48-775-0433,019 Riverside Lane,675-702-6577,FR,Male,Montenegrin,Quinu
475,Daphene,Stanway,dstanwayre@mapquest.com,Lökbatan,Prentice,Azerbaijan,Manat,51-088-3878,287 Chive Center,731-299-4660,AZ,Female,Armenian,Jabberstorm
476,Nanon,Rossant,nrossantrf@ow.ly,Dhībīn,Golden Leaf,Syria,Pound,26-062-0292,9 Talmadge Way,121-320-8144,SY,Female,Estonian,Quimba
477,Bruce,Suddick,bsuddickrg@phoca.cz,Eiriz,Corry,Portugal,Euro,00-930-3944,40 Prairieview Road,355-284-8449,PT,Male,Nepali,Quimba
478,Carina,Aupol,caupolrh@businessinsider.com,Tabunok,Aberg,Philippines,Peso,48-171-3128,646 Delladonna Park,768-178-5437,PH,Female,Bosnian,Centizu
479,Winifield,Furmage,wfurmageri@hp.com,Banjar Pekandelan,Ridgeway,Indonesia,Rupiah,17-369-5748,35 Mayfield Hill,407-743-4197,ID,Non-binary,Lao,Skyvu
480,Elisabeth,Forson,eforsonrj@adobe.com,Vorzel’,Dottie,Ukraine,Hryvnia,46-687-9604,41 Summer Ridge Street,861-557-9965,UA,Female,Oriya,Meevee
481,Pierre,Clemonts,pclemontsrk@weibo.com,Chợ Lầu,Debra,Vietnam,Dong,73-239-7145,37101 Oriole Point,719-561-6341,VN,Male,Gujarati,Layo
482,Debbi,Greenrod,dgreenrodrl@hao123.com,Pankovka,Gina,Russia,Ruble,94-614-8439,43165 Merchant Crossing,953-985-6479,RU,Female,Indonesian,Topicshots
483,Pall,Yarker,pyarkerrm@technorati.com,Pukhavichy,Springview,Belarus,Ruble,80-571-0885,64 Golf Course Park,460-404-7993,BY,Male,Catalan,Cogilith
484,Ephrayim,Hagstone,ehagstonern@cafepress.com,Subrag,Bayside,China,Yuan Renminbi,51-475-8579,3458 Dottie Circle,233-428-1220,CN,Male,Malayalam,Blognation
485,Mara,Ipsly,mipslyro@diigo.com,Las Palmas,Fieldstone,Mexico,Peso,34-193-1190,23771 Trailsway Place,443-288-8716,MX,Female,Burmese,Flashpoint
486,Richard,Lezemore,rlezemorerp@walmart.com,Głowno,Mayfield,Poland,Zloty,34-648-7409,2 Pearson Park,288-830-2966,PL,Male,Sotho,Yotz
487,Hillard,Alvarado,halvaradorq@yandex.ru,Kota Kinabalu,Warbler,Malaysia,Ringgit,34-429-4705,23220 Nancy Way,240-313-5815,MY,Male,Chinese,Devshare
488,Weston,MacCahee,wmaccaheerr@howstuffworks.com,Oumiao,Arrowood,China,Yuan Renminbi,52-629-0182,9312 Talmadge Street,535-417-5908,CN,Male,Kurdish,Oloo
489,Harlene,Haldene,hhaldene0@irs.gov,Limoges,Meadow Ridge,France,Euro,02-251-5692,1 Lakewood Gardens Park,688-228-4867,FR,Female,Dari,Fivespan
490,Whitaker,Crace,wcrace1@patch.com,Lantapan,Dakota,Philippines,Peso,98-996-7137,620 Heath Circle,569-687-3559,PH,Male,Romanian,Yakitri
491,Maury,Windram,mwindram2@baidu.com,Pasarkolot,Loomis,Indonesia,Rupiah,26-273-5911,30 Scofield Court,459-885-0620,ID,Non-binary,Mongolian,Linkbridge
492,Eugenio,Matushenko,ematushenko3@globo.com,Chigorodó,Chinook,Colombia,Peso,50-502-6831,519 Southridge Place,559-981-9098,CO,Male,Estonian,Skynoodle
493,Josselyn,Fassbindler,jfassbindler4@msn.com,Madrid,2nd,Spain,Euro,90-443-1678,54443 Gulseth Trail,845-508-3176,ES,Polygender,Tok Pisin,Twimbo
494,Clarabelle,Marryatt,cmarryatt5@sun.com,Longcheng,Sunnyside,China,Yuan Renminbi,83-324-5836,840 Kim Avenue,605-784-9445,CN,Female,Lao,Camimbo
495,Isadore,Jelf,ijelf6@disqus.com,Toledo,Crest Line,United States,Dollar,77-057-8139,231 Bowman Street,419-127-2818,US,Male,Norwegian,Agimba
496,Emili,Marney,emarney7@cnet.com,Hetang,Kim,China,Yuan Renminbi,05-654-5669,883 Eggendart Pass,546-181-1027,CN,Female,Hindi,Dynazzy
497,Avery,Riccioppo,ariccioppo8@yale.edu,Kambar,Everett,Pakistan,Rupee,92-978-2032,84746 Schiller Avenue,312-313-0397,PK,Male,Greek,Browseblab
498,Leela,Djuricic,ldjuricic9@acquirethisname.com,Cikuya,Packers,Indonesia,Rupiah,02-598-9117,25 Summit Hill,922-421-1582,ID,Female,Tswana,Jaxspan
499,Rhoda,Brandle,rbrandlea@reverbnation.com,San Remigio,Redwing,Philippines,Peso,68-392-3962,15198 Rockefeller Parkway,959-651-5031,PH,Female,Armenian,Skidoo
500,Ashla,Titheridge,atitheridgeb@disqus.com,Thoen,Harbort,Thailand,Baht,95-499-5277,45574 Ridge Oak Avenue,624-689-5991,TH,Female,Romanian,Roombo
501,Cherin,Ivchenko,civchenkoc@who.int,Tucaní,Reindahl,Venezuela,Bolivar,73-453-1362,304 Golf Course Park,851-426-4328,VE,Female,Dzongkha,LiveZ
502,Jamaal,Billing,jbillingd@mac.com,Cartagena,Del Mar,Philippines,Peso,16-400-4388,60 Lawn Crossing,791-308-3115,PH,Agender,Tswana,Demizz
503,Hanny,Dishman,hdishmane@cisco.com,Jambeyan,Maple,Indonesia,Rupiah,27-321-4728,5 Rutledge Center,565-442-6615,ID,Genderfluid,Guaraní,Kazio
504,Tremayne,Trew,ttrewf@walmart.com,Siso,Sunfield,Indonesia,Rupiah,88-288-9928,08 Del Sol Road,138-820-0189,ID,Male,Oriya,Voonix
505,Adelle,Banasiak,abanasiakg@skyrock.com,El Rancho,Banding,Honduras,Lempira,29-343-4580,6864 Tony Terrace,941-868-5909,HN,Female,Bislama,Oba
506,Dorie,Quernel,dquernelh@w3.org,Benito Juarez,Evergreen,Mexico,Peso,38-242-3680,344 Florence Avenue,772-588-6333,MX,Male,Croatian,Skivee
507,Bambi,Damerell,bdamerelli@lycos.com,Petersfield,Bowman,Jamaica,Dollar,75-700-3953,5 Buhler Avenue,387-677-0088,JM,Genderfluid,New Zealand Sign Language,Cogidoo
508,Iago,Laurenz,ilaurenzj@pagesperso-orange.fr,Horana South,Holy Cross,Sri Lanka,Rupee,91-813-5115,5966 Union Park,327-372-2046,LK,Male,Montenegrin,Yombu
509,Tiffie,Kleinstein,tkleinsteink@facebook.com,Voskop,Fallview,Albania,Lek,16-716-1120,41 Pearson Plaza,861-399-1711,AL,Female,Assamese,Oba
510,Kain,Moulster,kmoulsterl@dedecms.com,Hualian,Lyons,Taiwan,Dollar,01-701-5720,9769 Anthes Pass,204-226-4848,TW,Male,Filipino,Twitterbeat
511,Dniren,Lavielle,dlaviellem@buzzfeed.com,Celorico de Basto,Gina,Portugal,Euro,91-275-1969,19 Superior Way,415-814-7457,PT,Female,Bosnian,Shufflebeat
512,Eve,Yabsley,eyabsleyn@cbc.ca,Annecy,Kedzie,France,Euro,17-116-7966,30252 Shoshone Lane,619-260-9104,FR,Non-binary,Azeri,Lazz
513,Jody,Lody,jlodyo@studiopress.com,Cirangga Kidul,Eliot,Indonesia,Rupiah,81-110-3012,67755 Judy Pass,994-136-0869,ID,Male,Irish Gaelic,Babbleblab
514,Rowena,Kindall,rkindallp@patch.com,Ikedachō,Nelson,Japan,Yen,67-703-7460,503 Ohio Plaza,161-934-3455,JP,Female,Mongolian,Tagfeed
515,Rosemarie,Oswald,roswaldq@infoseek.co.jp,Stockholm,Gulseth,Sweden,Krona,97-382-4495,80066 Surrey Lane,875-483-3885,SE,Female,Danish,Flipbug
516,Klarrisa,Holywell,kholywellr@delicious.com,Santiago de los Caballeros,Bashford,Dominican Republic,Peso,20-446-6364,924 Buell Center,215-317-4166,DO,Female,Korean,Roodel
517,Arlina,Addess,aaddesss@mozilla.org,Trindade,Onsgard,Brazil,Real,01-728-0264,55 Melrose Crossing,983-991-8284,BR,Female,Italian,Viva
518,Ericka,Goodey,egoodeyt@boston.com,Sanlicheng,Village,China,Yuan Renminbi,94-757-8498,91 Forest Run Lane,523-761-8787,CN,Female,Belarusian,Devcast
519,Trixie,Balnave,tbalnaveu@mayoclinic.com,Bell Ville,Judy,Argentina,Peso,74-664-3463,4723 Loeprich Point,835-567-3181,AR,Female,Lao,Fadeo
520,Randy,Vondruska,rvondruskav@oakley.com,Hengfeng,Mallory,China,Yuan Renminbi,81-528-9537,92822 Trailsway Avenue,344-594-7510,CN,Male,Gujarati,Yoveo
521,Jonis,Cattanach,jcattanachw@ucla.edu,Novoanninskiy,Brown,Russia,Ruble,54-147-8839,0998 Sachs Trail,324-329-6190,RU,Agender,Lao,Mydo
522,Lind,Baume,lbaumex@vistaprint.com,Várzea,Center,Portugal,Euro,25-464-3020,46 Schurz Point,307-232-6016,PT,Male,Hebrew,Mita
523,Ingmar,McMearty,imcmeartyy@desdev.cn,Samayac,Tennyson,Guatemala,Quetzal,75-961-3627,81 Steensland Pass,788-391-8763,GT,Male,Guaraní,Devpoint
524,Avram,Lyver,alyverz@ycombinator.com,Ancol,Chive,Indonesia,Rupiah,80-157-2571,96 La Follette Terrace,850-428-5305,ID,Bigender,Ndebele,Zoonder
525,Orlando,Dunwoody,odunwoody10@blinklist.com,As Sūq al Jadīd,Hansons,Yemen,Rial,41-752-7729,53555 Macpherson Junction,153-744-5523,YE,Genderfluid,Yiddish,Ntag
526,Hannie,Oloman,holoman11@buzzfeed.com,Battung,Miller,Philippines,Peso,06-845-3802,90 Shoshone Crossing,457-412-9134,PH,Female,Filipino,Trunyx
527,Dulcy,Fisby,dfisby12@arizona.edu,Uitiuhtuan,Vidon,Indonesia,Rupiah,48-405-5380,01 New Castle Avenue,355-367-8724,ID,Female,Hungarian,Thoughtworks
528,Feliza,Claricoats,fclaricoats13@feedburner.com,Subrag,Londonderry,China,Yuan Renminbi,31-265-5432,8 Basil Center,901-413-8847,CN,Female,Polish,Blogspan
529,Job,Dann,jdann14@smugmug.com,Dongsheng,Service,China,Yuan Renminbi,77-807-0241,275 Cottonwood Court,462-511-0951,CN,Male,Mongolian,Zoomzone
530,Orlan,Alflat,oalflat15@about.me,Songping,Hermina,China,Yuan Renminbi,01-049-4684,94 Village Green Place,690-596-6244,CN,Male,Malayalam,Bluezoom
531,Mikel,Wooffinden,mwooffinden16@adobe.com,Dongjiang Matoukou,Old Shore,China,Yuan Renminbi,10-074-2614,0278 Main Street,903-624-6026,CN,Male,Sotho,Rhyzio
532,Ossie,Abramcik,oabramcik17@sohu.com,Américo Brasiliense,Dovetail,Brazil,Real,35-817-4737,329 Everett Lane,446-591-9182,BR,Male,Hiri Motu,Yakijo
533,Shelby,Brangan,sbrangan18@examiner.com,Shuitian,Elka,China,Yuan Renminbi,71-827-9046,314 Ryan Center,929-111-7933,CN,Male,Korean,Omba
534,Garvin,Okenfold,gokenfold19@nasa.gov,Alkmaar,Tennyson,Netherlands,Euro,85-839-9235,4730 Becker Trail,676-725-9576,NL,Male,Luxembourgish,Meevee
535,Early,Moscone,emoscone1a@google.com.hk,Višňova,Elgar,Czech Republic,Koruna,91-747-0934,96285 Ronald Regan Court,340-662-9625,CZ,Male,Malayalam,Meembee
536,Tabbatha,Andrzejak,tandrzejak1b@biglobe.ne.jp,Vakhrushi,Steensland,Russia,Ruble,15-884-9606,22953 East Terrace,561-433-4414,RU,Genderfluid,English,Kwilith
537,Rhys,Blewmen,rblewmen1c@networksolutions.com,Cascavel,Golf,Brazil,Real,35-261-7160,32413 Heath Court,614-916-6291,BR,Male,Quechua,Ooba
538,Brion,Steart,bsteart1d@phpbb.com,Rumat Heib,Dennis,Israel,Shekel,35-776-2749,94 Mccormick Terrace,201-195-4261,IL,Male,Persian,Eadel
539,Tori,Mash,tmash1e@squidoo.com,São Francisco do Sul,Hanover,Brazil,Real,42-298-5570,0 Blaine Center,245-128-8106,BR,Female,Kashmiri,Devify
540,Rita,Edgehill,redgehill1f@washington.edu,General Vedia,Aberg,Argentina,Peso,22-098-2691,19816 Sutherland Road,855-467-7748,AR,Female,Malay,Topicstorm
541,Herb,Bartoleyn,hbartoleyn1g@dropbox.com,Vogan,Valley Edge,Togo,Franc,94-288-3559,46158 Holmberg Crossing,368-884-0607,TG,Male,Māori,Bluejam
542,Gladys,Szreter,gszreter1h@alexa.com,Boyarka,Drewry,Ukraine,Hryvnia,90-916-5833,052 Artisan Lane,464-997-6665,UA,Female,Kashmiri,Rhybox
543,De,Bitcheno,dbitcheno1i@list-manage.com,Lanzhong,Farwell,China,Yuan Renminbi,47-982-9779,5935 Haas Terrace,208-544-4657,CN,Female,Greek,Eayo
544,Hamil,McFadzean,hmcfadzean1j@biglobe.ne.jp,Enrekang,Pine View,Indonesia,Rupiah,06-781-4444,77348 Anzinger Trail,831-965-5176,ID,Male,Fijian,Trupe
545,Ingrim,Van der Velde,ivandervelde1k@timesonline.co.uk,Zhouling,Basil,China,Yuan Renminbi,45-068-6383,986 Bunting Point,745-988-5547,CN,Male,Japanese,Brainbox
546,Brigida,Ranfield,branfield1l@artisteer.com,Salt Lake City,Wayridge,United States,Dollar,32-105-3973,9 Continental Center,801-585-6217,US,Female,Fijian,Camido
547,Glendon,Zumbusch,gzumbusch1m@virginia.edu,Malawa,Kings,Philippines,Peso,56-650-4236,3657 Carberry Hill,988-805-4860,PH,Male,Latvian,Meemm
548,Lindsey,Linscott,llinscott1n@wikispaces.com,Bužim,Cottonwood,Bosnia and Herzegovina,Marka,89-462-5125,13 Rutledge Plaza,891-470-6145,BA,Male,Portuguese,DabZ
549,Renelle,Jeremiah,rjeremiah1o@domainmarket.com,Achiaman,Main,Ghana,Cedi,68-466-7592,591 Ridgeview Trail,483-703-3300,GH,Female,Quechua,Camido
550,Evered,Ivchenko,eivchenko1p@indiatimes.com,Gampang,Northland,Indonesia,Rupiah,11-481-7547,5304 Eastwood Circle,766-644-9005,ID,Male,Yiddish,Quatz
551,Horst,Villar,hvillar1q@miibeian.gov.cn,Daugavpils,Village Green,Latvia,Euro,19-270-4967,11442 Graedel Alley,166-370-4125,LV,Male,Lithuanian,Voonix
552,Idalia,Stitch,istitch1r@slashdot.org,Pedinó,Orin,Greece,Euro,63-681-1589,690 Fallview Lane,432-847-9234,GR,Genderqueer,Kannada,Kare
553,Eimile,Roussel,eroussel1s@photobucket.com,Toulouse,Meadow Vale,France,Euro,71-525-4526,45 Bluejay Road,164-445-1377,FR,Female,Māori,Bluejam
554,Delmer,Bastow,dbastow1t@ox.ac.uk,Āsasa,Boyd,Ethiopia,Birr,11-579-5583,6 Butterfield Park,747-350-0091,ET,Male,Latvian,Leexo
555,Alanah,Kennsley,akennsley1u@clickbank.net,Mýto,Namekagon,Czech Republic,Koruna,04-572-5726,1771 Pleasure Road,308-475-1363,CZ,Female,Danish,Zooveo
556,Arda,O'Lunny,aolunny1v@mtv.com,Ḑawrān ad Daydah,Russell,Yemen,Rial,63-219-8499,92587 Shasta Center,498-346-6198,YE,Polygender,Somali,Shuffledrive
557,Fidelio,Shreeves,fshreeves1w@constantcontact.com,Huddinge,Derek,Sweden,Krona,59-226-2129,50 Atwood Parkway,323-372-7536,SE,Male,Filipino,Jaloo
558,Ronnica,Booty,rbooty1x@vk.com,Terter,Schlimgen,Azerbaijan,Manat,82-606-4129,22501 Hoffman Avenue,465-433-2369,AZ,Female,Afrikaans,Realcube
559,Bertine,Amoore,bamoore1y@ask.com,Balong Wetan,Anderson,Indonesia,Rupiah,56-261-6808,4198 Lillian Parkway,701-405-0433,ID,Female,Belarusian,Wikivu
560,Rossie,Gumm,rgumm1z@networkadvertising.org,Cafayate,Logan,Argentina,Peso,55-703-0457,52216 Sugar Parkway,851-938-2892,AR,Male,Dzongkha,Cogidoo
561,Eugen,Ratnage,eratnage20@t.co,Bagombong,Donald,Philippines,Peso,25-999-0043,59943 1st Circle,712-620-3422,PH,Genderqueer,Fijian,Gigabox
562,Ellswerth,Lammerding,elammerding21@taobao.com,Phitsanulok,Buena Vista,Thailand,Baht,03-331-8943,732 Dayton Road,309-934-4264,TH,Male,Gujarati,Yakidoo
563,Sybila,Gyves,sgyves22@weibo.com,Maqbanah,Katie,Yemen,Rial,18-846-9009,76 Esker Court,419-459-8037,YE,Agender,Ndebele,Meembee
564,Padgett,Elwell,pelwell23@woothemes.com,El Sombrero,Autumn Leaf,Venezuela,Bolivar,22-341-2801,3 Clarendon Center,278-779-4317,VE,Male,Aymara,Oyonder
565,Malvin,Burgill,mburgill24@army.mil,Barbalha,Esker,Brazil,Real,72-822-0015,01351 East Pass,593-739-8126,BR,Male,English,Voomm
566,Page,Stockill,pstockill25@hubpages.com,Gjegjan,Sloan,Albania,Lek,87-793-1623,6135 Bluestem Crossing,943-442-2343,AL,Male,Tajik,Devbug
567,Sheppard,Wilkennson,swilkennson26@stumbleupon.com,Frankfort,Elmside,United States,Dollar,46-396-1942,9374 Scott Drive,502-748-7565,US,Male,Swedish,Quinu
568,Roch,McKenzie,rmckenzie27@cyberchimps.com,Xinchengzi,Fairview,China,Yuan Renminbi,09-277-8512,0 Blackbird Parkway,760-251-7558,CN,Female,Montenegrin,Flashdog
569,Gallard,Ramshaw,gramshaw28@plala.or.jp,Arles,Corscot,France,Euro,16-137-1157,51119 Valley Edge Road,415-962-5762,FR,Male,Zulu,Oyoba
570,Antonio,Mearing,amearing29@hhs.gov,Sâmraông,Debs,Cambodia,Riels,38-258-2401,19001 Coolidge Crossing,315-443-0327,KH,Bigender,Aymara,Zava
571,Gaynor,Boyson,gboyson2a@answers.com,Ševica,School,Serbia,Dinar,74-341-2969,4963 Westport Lane,816-662-8432,RS,Female,New Zealand Sign Language,Gigazoom
572,Lemar,Tatum,ltatum2b@dot.gov,Santo António da Charneca,Farragut,Portugal,Euro,19-540-9548,16 Green Junction,262-993-2171,PT,Male,Chinese,Blogpad
573,Shaylynn,Jenckes,sjenckes2c@ted.com,Saint-Tite,Cherokee,Canada,Dollar,72-523-8562,7 Reinke Road,318-590-8447,CA,Female,Chinese,Edgepulse
574,Kelley,Korneichuk,kkorneichuk2d@yahoo.com,Milano,Superior,Italy,Euro,16-403-6213,65 Dakota Alley,447-315-0803,IT,Female,Norwegian,Aimbo
575,Chane,Ellul,cellul2e@flavors.me,Qingshui,Onsgard,China,Yuan Renminbi,44-880-7145,996 Sheridan Drive,716-681-7112,CN,Male,Tamil,Skinte
576,Brenna,Trigg,btrigg2f@mashable.com,Yefimovskiy,Goodland,Russia,Ruble,31-364-1457,6 Caliangt Avenue,515-580-7242,RU,Female,Quechua,Rhyzio
577,Saleem,Watt,swatt2g@de.vu,Santos,Florence,Brazil,Real,10-574-2099,94326 Dapin Center,224-264-9347,BR,Male,Hindi,Voonix
578,Eduardo,Gleasane,egleasane2h@cisco.com,Panambi,Brickson Park,Brazil,Real,39-080-7734,81 Kennedy Center,644-247-5457,BR,Male,Chinese,Kamba
579,Laurent,Wozencroft,lwozencroft2i@columbia.edu,Huwan,Forest Run,China,Yuan Renminbi,59-760-7413,2 Manufacturers Hill,342-811-8515,CN,Male,Māori,Kaymbo
580,Joanie,Daskiewicz,jdaskiewicz2j@weebly.com,Kant,Towne,Kyrgyzstan,Som,26-803-1171,987 Iowa Alley,460-954-6217,KG,Female,Bosnian,Yabox
581,Ephrayim,Bullick,ebullick2k@ow.ly,Jawand,School,Afghanistan,Afghani,27-057-9959,058 Tennyson Hill,690-524-4129,AF,Male,Mongolian,Rhybox
582,Lyell,Ajam,lajam2l@so-net.ne.jp,Krajan Suko Kidul,Manley,Russia,Rupiah,22-851-5334,98385 Scott Trail,821-178-2762,ID,Male,Malayalam,Zooveo
583,Felicia,Chessman,fchessman2m@netscape.com,Baisha,Forest Dale,Indonesia,Yuan Renminbi,72-438-3775,42722 Fordem Hill,317-528-3195,CN,Female,German,Tagchat
584,Tyson,Mc Comb,tmccomb2n@xing.com,Kibingo,Nevada,Russia,Shilling,20-086-7023,3 Transport Road,633-455-6036,UG,Male,Swati,Zoomzone
585,Karole,Bruckmann,kbruckmann2o@boston.com,San José de Miranda,Delladonna,Indonesia,Peso,17-578-6960,68859 Elgar Avenue,512-711-5676,CO,Female,Tajik,Midel
586,Rodney,Mabbs,rmabbs2p@mlb.com,Baizhifang,Barnett,Cape Verde,Yuan Renminbi,80-471-1442,9 Hermina Park,162-423-5539,CN,Male,Guaraní,Topdrive
587,Janna,Brandone,jbrandone2q@linkedin.com,Besançon,Elgar,Indonesia,Euro,45-147-6039,017 Rieder Pass,413-788-5134,FR,Female,Czech,Gabcube
588,Rosie,Timpanyada,rtimpanyq6@cocolog-nifty.com,Huntsville,Manley,Indonesia,Dollar,96-049-2625,73 Susan Pass,256-750-4566,US,Female,Belarusian,Einti
589,Trulaas,Emeras,temerq7@macromedia.com,Heka,Brown,Brazil,Yuan Renminbi,71-388-2824,4 Old Gate Junction,953-274-0945,CN,Female,West Frisian,Meejo
590,Cristias,Bowton,cbowtonq8@g,Laval,Forest Run,Sweden,Dollar,86-605-1169,62 Southridge Road,311-575-9246,CA,Female,Hiri Motu,Jaxspan
591,Henrik,Kelloway,hkellowayq9@live.com,Borås,Tomscot,Albania,Krona,16-623-2258,85951 Grayhawk Junction,319-430-2389,SE,Male,Japanese,Zoomzone
592,Cornie,Cosson,ccossonqa@lycos.com,Jaguaquara,Caliangt,Greece,Real,66-195-9771,1241 Buhler Hill,403-808-6038,BR,Bigender,Kyrgyz,Edgepulse
593,Janna,McCliffertyasd,jmccliffertyqb@msu.edu,Novorozhdestvenskaya,Toban,China,Ruble,66-325-0306,40330 Pond Crossing,901-505-3827,RU,Female,Polish,Photolist
594,Joyce,A,jaubrunqc@i,Manonjaya,Sunfield,Indonesia,Rupiah,62-082-9003,75 Talmadge Drive,544-596-3472,ID,Female,Afrikaans,Aimbu
595,Vidovic,Str,vstrotonqd@umn.edu,Siva,Vidon,Russia,Ruble,86-786-8839,77 Clarendon Center,224-264-9347,RU,Male,Kannada,Bubblemix
596,Gene,Ale,galejoqe@indiegogo.com,Wonocolo,5th,Indonesia,Rupiah,50-901-1958,127 Kipling Junction,644-247-5457,ID,Male,Polish,Gabcube
597,Zelma,Shelpe,zshelperqf@adobe.,São Filipe,Lighthouse Bay,Cape Verde,Escudo,48-064-9346,3 Dwight Alley,342-811-8515,CV,Female,Gujarati,Tagpad
598,Bron,Pow,bpoweqg@reddit.com,Naikoten Dua,Northview,Indonesia,Rupiah,07-044-5136,71725 Hudson Parkway,460-954-6217,ID,Male,Tajik,Topiclounge
599,Diannne,Them,dthemannqh@cloudflare.com,Cisitu,Gulseth,Indonesia,Rupiah,86-418-6508,514 West Crossing,690-524-4129,ID,Female,Swati,Edgepulse
600,Risa,Hamlett,rhamlettqi@sbwire.com,Loanda,Farmco,Brazil,Real,30-165-8648,6222 4th Place,821-178-2762,BR,Female,Tajik,Lazz
601,Pans,Duffill,pduffillqj@o,Onsala,Londonderry,Sweden,Krona,54-327-1259,1668 Victoria Road,317-528-3195,SE,Female,Guaraní,Oyoyo
602,Onofre,Rodolf,orodolfqk@pcworld.com,Lunik,Eagan,Albania,Lek,20-136-9257,6 Marquette Hill,633-455-6036,AL,Male,Czech,Meetz
603,Ania,Adels,aadelsbergql@gizmodo.com,Kalá Déndra,Golden Leaf,Greece,Euro,05-058-8176,9 Kensington Avenue,512-711-5676,GR,Female,Belarusian,Avavee
604,Reider,Attiwill,rattiwillqm@delic,Shencang,Barby,China,Yuan Renminbi,60-600-3091,07658 Killdeer Point,285-821-1583,CN,Male,West Frisian,Roomm
605,Zachery,C,zcornsqn@weather.com,Simo,1st,Finland,Euro,62-096-8614,5282 Anzinger Way,619-372-3996,FI,Male,Hiri Motu,Teklist
606,Dulci,Flounders,dfloundersqo@amazonaws.com,Onokivtsi,Mandrake,Ukraine,Hryvnia,55-763-2236,14064 David Crossing,972-385-0754,UA,Female,Japanese,Quamba
607,S,Franchyonok,sfranchyonokqp@ca,Gómfoi,Ruskin,Greece,Euro,04-315-4295,8255 Summer Ridge Junction,951-757-5509,GR,Polygender,Kyrgyz,Twitterlist
608,Hil,Kerry,hkerryqq@hc360.com,Järfälla,Cardinal,Sweden,Krona,76-892-8052,30274 Anderson Center,281-683-7044,SE,Male,Polish,Buzzdog
609,C,Siaspinski,csiaspinskiqr@icio.us,Nzeto,Buell,Angola,Kwanza,66-753-0256,547 Dayton Court,833-394-2568,AO,Female,Afrikaans,Chatterbridge
610,Betta,,bducketqs@discovery,Nangang,Grasskamp,China,Yuan Renminbi,74-111-3074,5 Golf Court,252-742-0507,CN,Female,Kannada,Browsetype
471,Bret,YablsleyYablsley,byablsleyra@businesswire.com,Bogor,Scott,Indonesia,Rupiah,85-547-7430,54 Hansons Circle,925-963-1885,ID,Male,Oriya,Thoughtblab
472,Gisele,DorantDorant,gdorantrb@zimbio.com,Haghartsin,Continental,Armenia,Dram,75-027-0204,4010 Waubesa Lane,496-232-0961,AM,Polygender,Danish,Fiveclub
473,VivianaViviana,Rose,vroserc@opera.com,Martinópolis,Division,Brazil,Real,59-188-9170,4951 Monterey Parkway,632-894-9914,BR,Female,Hindi,Zoomdog
474,MarionMarion,Dowrey,mdowreyrd@moonfruit.yv,Nanterre,Graedel,France,Euro,48-775-0433,019 Riverside Lane,675-702-6577,FR,Male,Montenegrin,Quinu
475,Daphene,Stanway,dstanwayre@mapquest.com,Lökbatan,Prentice,Azerbaijan,Manat,51-088-3878,287 Chive ,731-299-4660,AZ,Female,Armenian,Jabberstorm
476,Nanon,Rossant,nrossantrf@ow.ly,Dhībīn,Golden Leaf,Syria,Pound,26-062-0292,9 Talmadge Wa,121-320-8144,SY,Female,Estonian,Quimba
477,Bruce,Suddick,bsuddickrg@phoca.in,Eiriz,Corry,Portugal,Euro,00-930-3944,40 Prairieview Roadsdsdf,355-284-8449,PT,Male,Nepali,Quimba
478,Carina,Aupol,caupolrh@businessinsider.tx,Philippines,Aberg,Philippines,Peso,48-171-3128,646 Delladonna Parksddd,768-178-5437,PH,Female,Bosnian,Centizu
479,Winifield,Furmage,wfurmageri@hp.com,Banjar Pekandelan,Ridgeway,Indonesia,Rupiah,17-369-5748,35 Mayf,407-743-4197,ID,Non-binary,Lao,Skyvu
480,Elisabeth,Fo,eforsonrj@adobe.com,Vorzel’,Dottie,Ukraine,Hryvnia,46-687-9604,41 Summer Ridge Street,861-557-9965,UA,Female,Oriya,Meevee
481,Pierre,C,pclemontsrk@weibo.com,Vietnam,Debra,Vietnam,Dong,73-239-7145,37101 Oriole Point,719-561-6341,VN,Male,Gujarati,Layo
482,Debbi,Greenrod,dgreenrodrl@hao123.com,Pankovka,Gina,Russia,Ruble,94-614-8439,43165 Merchant Crossing,953-985-6479,RU,Female,Indonesian,Topicshots
483,Pall,Yarker,pyarkerrm@technorati.com,Pukhavichy,Springview,Belarus,Ruble,80-571-0885,64 Golf Course Park,460-404-7993,BY,Male,Catalan,Cogilith
484,Ephrayim,H,ehagstonern@cafepress.com,Subrag,Bayside,China,Yuan Renminbi,51-475-8579,3458 Dottie Circle asasd,233-428-1220,CN,Male,Malayalam,Blognation
485,Mara,Ipsly,mipslyro@diigo.com,Las Palmas,Fieldstone,Mexico,Peso,34-193-1190,23771 Trailsway Place fwsdsd,443-288-8716,MX,Female,Burmese,Flashpoint
486,Richard,L,rlezemorerp@walmart.com,Głowno,Mayfield,Poland,Zloty,34-648-7409,2 Pearson Park sddsdf,288-830-2966,PL,Male,Sotho,Yotz
487,Hillard,Alvarado,halvaradorq@yan,Kota Kinabalu,Malaysia,Malaysia,Ringgit,34-429-4705,23220 Nanc,240-313-5815,MY,Male,Chinese,Devshare
488,Weston,MacCahee,wmaccaheerr@howstuffworks.in,Oumiao,Arrowood,China,Yuan Renminbi,52-629-0182,9312 Talmadge ,535-417-5908,CN,Male,Kurdish,Oloo
489,Harlene,H,"hhaldene0@irs.gov,in",Limoges,Meadow Ridge,France,Euro,02-251-5692,1 Lakewood ,688-228-4867,FR,Female,Dari,Fivespan
490,Whitaker,Crace,wcrace1@patch.in,Lantapan,Dakota,Philippines,Peso,98-996-7137,620 Heath,569-687-3559,PH,Male,Romanian,Yakitri
491,Maury,W,mwindram2@baidu.in,Pasarkolot,Loomis,Indonesia,Rupiah,26-273-5911,30 Scofield Court,459-885-0620,ID,Non-binary,Mongolian,Linkbridge
